averagePick,draftsSelectedIn,id,maxPick,minPick,name,position,status,team,TEAM_COUNT,PPR_FLG,YEAR,SRC_ADP,SRC_PLYR
1.44,16,12150,3,1,"Gurley, Todd",RB,,RAM,8,1,2016,https://www70.myfantasyleague.com/2016/export?TYPE=adp&JSON=1&FRANCHISES=8&IS_PPR=1,https://www70.myfantasyleague.com/2016/export?TYPE=players&JSON=1
2.81,16,12625,6,1,"Elliott, Ezekiel",RB,R,DAL,8,1,2016,https://www70.myfantasyleague.com/2016/export?TYPE=adp&JSON=1&FRANCHISES=8&IS_PPR=1,https://www70.myfantasyleague.com/2016/export?TYPE=players&JSON=1
2.88,16,11192,5,1,"Bell, Le'Veon",RB,,PIT,8,1,2016,https://www70.myfantasyleague.com/2016/export?TYPE=adp&JSON=1&FRANCHISES=8&IS_PPR=1,https://www70.myfantasyleague.com/2016/export?TYPE=players&JSON=1
4.44,16,12171,14,1,"Johnson, David",RB,,ARI,8,1,2016,https://www70.myfantasyleague.com/2016/export?TYPE=adp&JSON=1&FRANCHISES=8&IS_PPR=1,https://www70.myfantasyleague.com/2016/export?TYPE=players&JSON=1
5.50,16,13604,8,2,,,,,8,1,2016,https://www70.myfantasyleague.com/2016/export?TYPE=adp&JSON=1&FRANCHISES=8&IS_PPR=1,https://www70.myfantasyleague.com/2016/export?TYPE=players&JSON=1
6.00,16,9988,8,4,"Brown, Antonio",WR,,PIT,8,1,2016,https://www70.myfantasyleague.com/2016/export?TYPE=adp&JSON=1&FRANCHISES=8&IS_PPR=1,https://www70.myfantasyleague.com/2016/export?TYPE=players&JSON=1
6.75,16,13132,11,5,,,,,8,1,2016,https://www70.myfantasyleague.com/2016/export?TYPE=adp&JSON=1&FRANCHISES=8&IS_PPR=1,https://www70.myfantasyleague.com/2016/export?TYPE=players&JSON=1
8.44,16,11232,11,6,"Hopkins, DeAndre",WR,,HOU,8,1,2016,https://www70.myfantasyleague.com/2016/export?TYPE=adp&JSON=1&FRANCHISES=8&IS_PPR=1,https://www70.myfantasyleague.com/2016/export?TYPE=players&JSON=1
9.25,16,11679,13,1,"Beckham, Odell",WR,,NYG,8,1,2016,https://www70.myfantasyleague.com/2016/export?TYPE=adp&JSON=1&FRANCHISES=8&IS_PPR=1,https://www70.myfantasyleague.com/2016/export?TYPE=players&JSON=1
10.94,16,13138,16,8,,,,,8,1,2016,https://www70.myfantasyleague.com/2016/export?TYPE=adp&JSON=1&FRANCHISES=8&IS_PPR=1,https://www70.myfantasyleague.com/2016/export?TYPE=players&JSON=1
11.62,16,13129,17,7,,,,,8,1,2016,https://www70.myfantasyleague.com/2016/export?TYPE=adp&JSON=1&FRANCHISES=8&IS_PPR=1,https://www70.myfantasyleague.com/2016/export?TYPE=players&JSON=1
12.12,16,12151,18,8,"Gordon, Melvin",RB,,SDC,8,1,2016,https://www70.myfantasyleague.com/2016/export?TYPE=adp&JSON=1&FRANCHISES=8&IS_PPR=1,https://www70.myfantasyleague.com/2016/export?TYPE=players&JSON=1
13.38,16,10271,18,11,"Jones, Julio",WR,,ATL,8,1,2016,https://www70.myfantasyleague.com/2016/export?TYPE=adp&JSON=1&FRANCHISES=8&IS_PPR=1,https://www70.myfantasyleague.com/2016/export?TYPE=players&JSON=1
13.50,16,13128,20,6,,,,,8,1,2016,https://www70.myfantasyleague.com/2016/export?TYPE=adp&JSON=1&FRANCHISES=8&IS_PPR=1,https://www70.myfantasyleague.com/2016/export?TYPE=players&JSON=1
15.00,16,12652,19,12,"Thomas, Michael",WR,R,NOS,8,1,2016,https://www70.myfantasyleague.com/2016/export?TYPE=adp&JSON=1&FRANCHISES=8&IS_PPR=1,https://www70.myfantasyleague.com/2016/export?TYPE=players&JSON=1
15.00,1,13190,15,15,,,,,8,1,2016,https://www70.myfantasyleague.com/2016/export?TYPE=adp&JSON=1&FRANCHISES=8&IS_PPR=1,https://www70.myfantasyleague.com/2016/export?TYPE=players&JSON=1
17.25,16,11222,21,14,"Allen, Keenan",WR,,SDC,8,1,2016,https://www70.myfantasyleague.com/2016/export?TYPE=adp&JSON=1&FRANCHISES=8&IS_PPR=1,https://www70.myfantasyleague.com/2016/export?TYPE=players&JSON=1
17.81,16,11675,28,12,"Adams, Davante",WR,,GBP,8,1,2016,https://www70.myfantasyleague.com/2016/export?TYPE=adp&JSON=1&FRANCHISES=8&IS_PPR=1,https://www70.myfantasyleague.com/2016/export?TYPE=players&JSON=1
20.56,16,13130,38,15,,,,,8,1,2016,https://www70.myfantasyleague.com/2016/export?TYPE=adp&JSON=1&FRANCHISES=8&IS_PPR=1,https://www70.myfantasyleague.com/2016/export?TYPE=players&JSON=1
21.69,16,11671,38,13,"Evans, Mike",WR,,TBB,8,1,2016,https://www70.myfantasyleague.com/2016/export?TYPE=adp&JSON=1&FRANCHISES=8&IS_PPR=1,https://www70.myfantasyleague.com/2016/export?TYPE=players&JSON=1
22.00,16,9902,37,14,"Gronkowski, Rob",TE,,NEP,8,1,2016,https://www70.myfantasyleague.com/2016/export?TYPE=adp&JSON=1&FRANCHISES=8&IS_PPR=1,https://www70.myfantasyleague.com/2016/export?TYPE=players&JSON=1
22.62,16,10261,31,19,"Green, A.J.",WR,,CIN,8,1,2016,https://www70.myfantasyleague.com/2016/export?TYPE=adp&JSON=1&FRANCHISES=8&IS_PPR=1,https://www70.myfantasyleague.com/2016/export?TYPE=players&JSON=1
23.88,16,11660,33,19,"Freeman, Devonta",RB,,ATL,8,1,2016,https://www70.myfantasyleague.com/2016/export?TYPE=adp&JSON=1&FRANCHISES=8&IS_PPR=1,https://www70.myfantasyleague.com/2016/export?TYPE=players&JSON=1
24.12,16,7836,39,4,"Rodgers, Aaron",QB,,GBP,8,1,2016,https://www70.myfantasyleague.com/2016/export?TYPE=adp&JSON=1&FRANCHISES=8&IS_PPR=1,https://www70.myfantasyleague.com/2016/export?TYPE=players&JSON=1
24.31,16,11244,41,14,"Kelce, Travis",TE,,KCC,8,1,2016,https://www70.myfantasyleague.com/2016/export?TYPE=adp&JSON=1&FRANCHISES=8&IS_PPR=1,https://www70.myfantasyleague.com/2016/export?TYPE=players&JSON=1
25.62,16,13131,32,17,,,,,8,1,2016,https://www70.myfantasyleague.com/2016/export?TYPE=adp&JSON=1&FRANCHISES=8&IS_PPR=1,https://www70.myfantasyleague.com/2016/export?TYPE=players&JSON=1
29.19,16,13113,58,15,,,,,8,1,2016,https://www70.myfantasyleague.com/2016/export?TYPE=adp&JSON=1&FRANCHISES=8&IS_PPR=1,https://www70.myfantasyleague.com/2016/export?TYPE=players&JSON=1
29.62,16,12634,39,21,"Howard, Jordan",RB,R,CHI,8,1,2016,https://www70.myfantasyleague.com/2016/export?TYPE=adp&JSON=1&FRANCHISES=8&IS_PPR=1,https://www70.myfantasyleague.com/2016/export?TYPE=players&JSON=1
30.06,16,12801,51,20,"Hill, Tyreek",WR,R,KCC,8,1,2016,https://www70.myfantasyleague.com/2016/export?TYPE=adp&JSON=1&FRANCHISES=8&IS_PPR=1,https://www70.myfantasyleague.com/2016/export?TYPE=players&JSON=1
30.38,16,11761,42,23,"McKinnon, Jerick",RB,,MIN,8,1,2016,https://www70.myfantasyleague.com/2016/export?TYPE=adp&JSON=1&FRANCHISES=8&IS_PPR=1,https://www70.myfantasyleague.com/2016/export?TYPE=players&JSON=1
31.50,16,12186,57,21,"Diggs, Stefon",WR,,MIN,8,1,2016,https://www70.myfantasyleague.com/2016/export?TYPE=adp&JSON=1&FRANCHISES=8&IS_PPR=1,https://www70.myfantasyleague.com/2016/export?TYPE=players&JSON=1
32.62,16,12175,48,9,"Cooper, Amari",WR,,OAK,8,1,2016,https://www70.myfantasyleague.com/2016/export?TYPE=adp&JSON=1&FRANCHISES=8&IS_PPR=1,https://www70.myfantasyleague.com/2016/export?TYPE=players&JSON=1
33.44,16,10729,39,26,"Hilton, T.Y.",WR,,IND,8,1,2016,https://www70.myfantasyleague.com/2016/export?TYPE=adp&JSON=1&FRANCHISES=8&IS_PPR=1,https://www70.myfantasyleague.com/2016/export?TYPE=players&JSON=1
34.50,16,11247,46,20,"Ertz, Zach",TE,,PHI,8,1,2016,https://www70.myfantasyleague.com/2016/export?TYPE=adp&JSON=1&FRANCHISES=8&IS_PPR=1,https://www70.myfantasyleague.com/2016/export?TYPE=players&JSON=1
34.81,16,10703,61,17,"Wilson, Russell",QB,,SEA,8,1,2016,https://www70.myfantasyleague.com/2016/export?TYPE=adp&JSON=1&FRANCHISES=8&IS_PPR=1,https://www70.myfantasyleague.com/2016/export?TYPE=players&JSON=1
36.75,16,11680,52,24,"Landry, Jarvis",WR,,MIA,8,1,2016,https://www70.myfantasyleague.com/2016/export?TYPE=adp&JSON=1&FRANCHISES=8&IS_PPR=1,https://www70.myfantasyleague.com/2016/export?TYPE=players&JSON=1
38.80,5,13605,48,25,,,,,8,1,2016,https://www70.myfantasyleague.com/2016/export?TYPE=adp&JSON=1&FRANCHISES=8&IS_PPR=1,https://www70.myfantasyleague.com/2016/export?TYPE=players&JSON=1
38.81,16,9448,94,20,"McCoy, LeSean",RB,,BUF,8,1,2016,https://www70.myfantasyleague.com/2016/export?TYPE=adp&JSON=1&FRANCHISES=8&IS_PPR=1,https://www70.myfantasyleague.com/2016/export?TYPE=players&JSON=1
39.00,16,11938,58,25,"Thielen, Adam",WR,,MIN,8,1,2016,https://www70.myfantasyleague.com/2016/export?TYPE=adp&JSON=1&FRANCHISES=8&IS_PPR=1,https://www70.myfantasyleague.com/2016/export?TYPE=players&JSON=1
41.81,16,10527,65,27,"Baldwin, Doug",WR,,SEA,8,1,2016,https://www70.myfantasyleague.com/2016/export?TYPE=adp&JSON=1&FRANCHISES=8&IS_PPR=1,https://www70.myfantasyleague.com/2016/export?TYPE=players&JSON=1
42.75,16,11674,74,34,"Cooks, Brandin",WR,,NOS,8,1,2016,https://www70.myfantasyleague.com/2016/export?TYPE=adp&JSON=1&FRANCHISES=8&IS_PPR=1,https://www70.myfantasyleague.com/2016/export?TYPE=players&JSON=1
43.81,16,7393,70,28,"Fitzgerald, Larry",WR,,ARI,8,1,2016,https://www70.myfantasyleague.com/2016/export?TYPE=adp&JSON=1&FRANCHISES=8&IS_PPR=1,https://www70.myfantasyleague.com/2016/export?TYPE=players&JSON=1
45.56,16,12610,64,19,"Wentz, Carson",QB,R,PHI,8,1,2016,https://www70.myfantasyleague.com/2016/export?TYPE=adp&JSON=1&FRANCHISES=8&IS_PPR=1,https://www70.myfantasyleague.com/2016/export?TYPE=players&JSON=1
45.62,16,12626,60,34,"Henry, Derrick",RB,R,TEN,8,1,2016,https://www70.myfantasyleague.com/2016/export?TYPE=adp&JSON=1&FRANCHISES=8&IS_PPR=1,https://www70.myfantasyleague.com/2016/export?TYPE=players&JSON=1
46.12,16,13156,60,34,,,,,8,1,2016,https://www70.myfantasyleague.com/2016/export?TYPE=adp&JSON=1&FRANCHISES=8&IS_PPR=1,https://www70.myfantasyleague.com/2016/export?TYPE=players&JSON=1
46.44,16,11678,80,34,"Robinson, Allen",WR,,JAC,8,1,2016,https://www70.myfantasyleague.com/2016/export?TYPE=adp&JSON=1&FRANCHISES=8&IS_PPR=1,https://www70.myfantasyleague.com/2016/export?TYPE=players&JSON=1
47.88,16,5848,70,10,"Brady, Tom",QB,,NEP,8,1,2016,https://www70.myfantasyleague.com/2016/export?TYPE=adp&JSON=1&FRANCHISES=8&IS_PPR=1,https://www70.myfantasyleague.com/2016/export?TYPE=players&JSON=1
48.69,16,12154,73,29,"Ajayi, Jay",RB,,MIA,8,1,2016,https://www70.myfantasyleague.com/2016/export?TYPE=adp&JSON=1&FRANCHISES=8&IS_PPR=1,https://www70.myfantasyleague.com/2016/export?TYPE=players&JSON=1
51.62,16,13608,90,31,,,,,8,1,2016,https://www70.myfantasyleague.com/2016/export?TYPE=adp&JSON=1&FRANCHISES=8&IS_PPR=1,https://www70.myfantasyleague.com/2016/export?TYPE=players&JSON=1
52.12,16,13189,91,37,,,,,8,1,2016,https://www70.myfantasyleague.com/2016/export?TYPE=adp&JSON=1&FRANCHISES=8&IS_PPR=1,https://www70.myfantasyleague.com/2016/export?TYPE=players&JSON=1
52.69,16,10722,89,36,"Jeffery, Alshon",WR,,CHI,8,1,2016,https://www70.myfantasyleague.com/2016/export?TYPE=adp&JSON=1&FRANCHISES=8&IS_PPR=1,https://www70.myfantasyleague.com/2016/export?TYPE=players&JSON=1
53.31,16,10273,96,36,"Newton, Cam",QB,,CAR,8,1,2016,https://www70.myfantasyleague.com/2016/export?TYPE=adp&JSON=1&FRANCHISES=8&IS_PPR=1,https://www70.myfantasyleague.com/2016/export?TYPE=players&JSON=1
53.62,16,12628,66,39,"Collins, Alex",RB,R,SEA,8,1,2016,https://www70.myfantasyleague.com/2016/export?TYPE=adp&JSON=1&FRANCHISES=8&IS_PPR=1,https://www70.myfantasyleague.com/2016/export?TYPE=players&JSON=1
55.00,1,10773,55,55,"Kuechly, Luke",LB,,CAR,8,1,2016,https://www70.myfantasyleague.com/2016/export?TYPE=adp&JSON=1&FRANCHISES=8&IS_PPR=1,https://www70.myfantasyleague.com/2016/export?TYPE=players&JSON=1
55.86,14,13607,81,45,,,,,8,1,2016,https://www70.myfantasyleague.com/2016/export?TYPE=adp&JSON=1&FRANCHISES=8&IS_PPR=1,https://www70.myfantasyleague.com/2016/export?TYPE=players&JSON=1
56.06,16,12630,68,47,"Drake, Kenyan",RB,R,MIA,8,1,2016,https://www70.myfantasyleague.com/2016/export?TYPE=adp&JSON=1&FRANCHISES=8&IS_PPR=1,https://www70.myfantasyleague.com/2016/export?TYPE=players&JSON=1
58.00,1,12745,58,58,"Jones, Deion",LB,R,ATL,8,1,2016,https://www70.myfantasyleague.com/2016/export?TYPE=adp&JSON=1&FRANCHISES=8&IS_PPR=1,https://www70.myfantasyleague.com/2016/export?TYPE=players&JSON=1
59.00,1,11728,59,59,"Mosley, C.J.",LB,,BAL,8,1,2016,https://www70.myfantasyleague.com/2016/export?TYPE=adp&JSON=1&FRANCHISES=8&IS_PPR=1,https://www70.myfantasyleague.com/2016/export?TYPE=players&JSON=1
59.50,16,9831,88,46,"Tate, Golden",WR,,DET,8,1,2016,https://www70.myfantasyleague.com/2016/export?TYPE=adp&JSON=1&FRANCHISES=8&IS_PPR=1,https://www70.myfantasyleague.com/2016/export?TYPE=players&JSON=1
59.53,15,9925,101,29,"Graham, Jimmy",TE,,SEA,8,1,2016,https://www70.myfantasyleague.com/2016/export?TYPE=adp&JSON=1&FRANCHISES=8&IS_PPR=1,https://www70.myfantasyleague.com/2016/export?TYPE=players&JSON=1
61.00,1,12788,61,61,"Martinez, Blake",LB,R,GBP,8,1,2016,https://www70.myfantasyleague.com/2016/export?TYPE=adp&JSON=1&FRANCHISES=8&IS_PPR=1,https://www70.myfantasyleague.com/2016/export?TYPE=players&JSON=1
61.07,15,9884,81,34,"Thomas, Demaryius",WR,,DEN,8,1,2016,https://www70.myfantasyleague.com/2016/export?TYPE=adp&JSON=1&FRANCHISES=8&IS_PPR=1,https://www70.myfantasyleague.com/2016/export?TYPE=players&JSON=1
61.80,15,13612,92,32,,,,,8,1,2016,https://www70.myfantasyleague.com/2016/export?TYPE=adp&JSON=1&FRANCHISES=8&IS_PPR=1,https://www70.myfantasyleague.com/2016/export?TYPE=players&JSON=1
62.87,15,8687,89,45,"Olsen, Greg",TE,,CAR,8,1,2016,https://www70.myfantasyleague.com/2016/export?TYPE=adp&JSON=1&FRANCHISES=8&IS_PPR=1,https://www70.myfantasyleague.com/2016/export?TYPE=players&JSON=1
63.93,15,10960,86,43,"Gordon, Josh",WR,,CLE,8,1,2016,https://www70.myfantasyleague.com/2016/export?TYPE=adp&JSON=1&FRANCHISES=8&IS_PPR=1,https://www70.myfantasyleague.com/2016/export?TYPE=players&JSON=1
64.00,1,10775,64,64,"Wagner, Bobby",LB,,SEA,8,1,2016,https://www70.myfantasyleague.com/2016/export?TYPE=adp&JSON=1&FRANCHISES=8&IS_PPR=1,https://www70.myfantasyleague.com/2016/export?TYPE=players&JSON=1
65.00,1,12686,65,65,"Bosa, Joey",DE,R,SDC,8,1,2016,https://www70.myfantasyleague.com/2016/export?TYPE=adp&JSON=1&FRANCHISES=8&IS_PPR=1,https://www70.myfantasyleague.com/2016/export?TYPE=players&JSON=1
66.00,1,13187,66,66,,,,,8,1,2016,https://www70.myfantasyleague.com/2016/export?TYPE=adp&JSON=1&FRANCHISES=8&IS_PPR=1,https://www70.myfantasyleague.com/2016/export?TYPE=players&JSON=1
66.87,15,10708,103,43,"Miller, Lamar",RB,,HOU,8,1,2016,https://www70.myfantasyleague.com/2016/export?TYPE=adp&JSON=1&FRANCHISES=8&IS_PPR=1,https://www70.myfantasyleague.com/2016/export?TYPE=players&JSON=1
67.73,15,10700,144,34,"Cousins, Kirk",QB,,WAS,8,1,2016,https://www70.myfantasyleague.com/2016/export?TYPE=adp&JSON=1&FRANCHISES=8&IS_PPR=1,https://www70.myfantasyleague.com/2016/export?TYPE=players&JSON=1
67.93,15,13153,86,47,,,,,8,1,2016,https://www70.myfantasyleague.com/2016/export?TYPE=adp&JSON=1&FRANCHISES=8&IS_PPR=1,https://www70.myfantasyleague.com/2016/export?TYPE=players&JSON=1
68.00,1,11293,68,68,"Ogletree, Alec",LB,,RAM,8,1,2016,https://www70.myfantasyleague.com/2016/export?TYPE=adp&JSON=1&FRANCHISES=8&IS_PPR=1,https://www70.myfantasyleague.com/2016/export?TYPE=players&JSON=1
69.09,11,0509,100,51,"Jaguars, Jacksonville",Def,,JAC,8,1,2016,https://www70.myfantasyleague.com/2016/export?TYPE=adp&JSON=1&FRANCHISES=8&IS_PPR=1,https://www70.myfantasyleague.com/2016/export?TYPE=players&JSON=1
70.10,10,10976,115,21,"Tucker, Justin",PK,,BAL,8,1,2016,https://www70.myfantasyleague.com/2016/export?TYPE=adp&JSON=1&FRANCHISES=8&IS_PPR=1,https://www70.myfantasyleague.com/2016/export?TYPE=players&JSON=1
72.00,1,6938,72,72,"Suggs, Terrell",LB,,BAL,8,1,2016,https://www70.myfantasyleague.com/2016/export?TYPE=adp&JSON=1&FRANCHISES=8&IS_PPR=1,https://www70.myfantasyleague.com/2016/export?TYPE=players&JSON=1
74.00,1,12736,74,74,"Neal, Keanu",S,R,ATL,8,1,2016,https://www70.myfantasyleague.com/2016/export?TYPE=adp&JSON=1&FRANCHISES=8&IS_PPR=1,https://www70.myfantasyleague.com/2016/export?TYPE=players&JSON=1
74.07,14,10312,111,57,"Rudolph, Kyle",TE,,MIN,8,1,2016,https://www70.myfantasyleague.com/2016/export?TYPE=adp&JSON=1&FRANCHISES=8&IS_PPR=1,https://www70.myfantasyleague.com/2016/export?TYPE=players&JSON=1
74.71,14,11670,103,37,"Watkins, Sammy",WR,,BUF,8,1,2016,https://www70.myfantasyleague.com/2016/export?TYPE=adp&JSON=1&FRANCHISES=8&IS_PPR=1,https://www70.myfantasyleague.com/2016/export?TYPE=players&JSON=1
75.00,1,12233,75,75,"Alexander, Kwon",LB,,TBB,8,1,2016,https://www70.myfantasyleague.com/2016/export?TYPE=adp&JSON=1&FRANCHISES=8&IS_PPR=1,https://www70.myfantasyleague.com/2016/export?TYPE=players&JSON=1
75.67,15,8416,139,52,"Walker, Delanie",TE,,TEN,8,1,2016,https://www70.myfantasyleague.com/2016/export?TYPE=adp&JSON=1&FRANCHISES=8&IS_PPR=1,https://www70.myfantasyleague.com/2016/export?TYPE=players&JSON=1
76.00,1,9866,76,76,"Lee, Sean",LB,,DAL,8,1,2016,https://www70.myfantasyleague.com/2016/export?TYPE=adp&JSON=1&FRANCHISES=8&IS_PPR=1,https://www70.myfantasyleague.com/2016/export?TYPE=players&JSON=1
76.82,11,0528,135,58,"Rams, Los Angeles",Def,,RAM,8,1,2016,https://www70.myfantasyleague.com/2016/export?TYPE=adp&JSON=1&FRANCHISES=8&IS_PPR=1,https://www70.myfantasyleague.com/2016/export?TYPE=players&JSON=1
77.00,1,11772,77,77,"Kirksey, Christian",LB,,CLE,8,1,2016,https://www70.myfantasyleague.com/2016/export?TYPE=adp&JSON=1&FRANCHISES=8&IS_PPR=1,https://www70.myfantasyleague.com/2016/export?TYPE=players&JSON=1
78.27,15,4925,143,23,"Brees, Drew",QB,,NOS,8,1,2016,https://www70.myfantasyleague.com/2016/export?TYPE=adp&JSON=1&FRANCHISES=8&IS_PPR=1,https://www70.myfantasyleague.com/2016/export?TYPE=players&JSON=1
79.00,1,10272,79,79,"Watt, J.J.",DE,,HOU,8,1,2016,https://www70.myfantasyleague.com/2016/export?TYPE=adp&JSON=1&FRANCHISES=8&IS_PPR=1,https://www70.myfantasyleague.com/2016/export?TYPE=players&JSON=1
79.00,1,13596,79,79,,,,,8,1,2016,https://www70.myfantasyleague.com/2016/export?TYPE=adp&JSON=1&FRANCHISES=8&IS_PPR=1,https://www70.myfantasyleague.com/2016/export?TYPE=players&JSON=1
79.53,15,13617,103,43,,,,,8,1,2016,https://www70.myfantasyleague.com/2016/export?TYPE=adp&JSON=1&FRANCHISES=8&IS_PPR=1,https://www70.myfantasyleague.com/2016/export?TYPE=players&JSON=1
79.64,11,0518,124,60,"Eagles, Philadelphia",Def,,PHI,8,1,2016,https://www70.myfantasyleague.com/2016/export?TYPE=adp&JSON=1&FRANCHISES=8&IS_PPR=1,https://www70.myfantasyleague.com/2016/export?TYPE=players&JSON=1
80.00,1,11813,80,80,"Smith, Telvin",LB,,JAC,8,1,2016,https://www70.myfantasyleague.com/2016/export?TYPE=adp&JSON=1&FRANCHISES=8&IS_PPR=1,https://www70.myfantasyleague.com/2016/export?TYPE=players&JSON=1
81.73,15,12176,94,60,"Parker, DeVante",WR,,MIA,8,1,2016,https://www70.myfantasyleague.com/2016/export?TYPE=adp&JSON=1&FRANCHISES=8&IS_PPR=1,https://www70.myfantasyleague.com/2016/export?TYPE=players&JSON=1
81.77,13,10276,125,54,"Ingram, Mark",RB,,NOS,8,1,2016,https://www70.myfantasyleague.com/2016/export?TYPE=adp&JSON=1&FRANCHISES=8&IS_PPR=1,https://www70.myfantasyleague.com/2016/export?TYPE=players&JSON=1
81.87,15,13606,113,65,,,,,8,1,2016,https://www70.myfantasyleague.com/2016/export?TYPE=adp&JSON=1&FRANCHISES=8&IS_PPR=1,https://www70.myfantasyleague.com/2016/export?TYPE=players&JSON=1
82.27,15,10695,101,33,"Luck, Andrew",QB,,IND,8,1,2016,https://www70.myfantasyleague.com/2016/export?TYPE=adp&JSON=1&FRANCHISES=8&IS_PPR=1,https://www70.myfantasyleague.com/2016/export?TYPE=players&JSON=1
82.45,11,0524,131,65,"Vikings, Minnesota",Def,,MIN,8,1,2016,https://www70.myfantasyleague.com/2016/export?TYPE=adp&JSON=1&FRANCHISES=8&IS_PPR=1,https://www70.myfantasyleague.com/2016/export?TYPE=players&JSON=1
83.00,1,12250,83,83,"Collins, Landon",S,,NYG,8,1,2016,https://www70.myfantasyleague.com/2016/export?TYPE=adp&JSON=1&FRANCHISES=8&IS_PPR=1,https://www70.myfantasyleague.com/2016/export?TYPE=players&JSON=1
83.07,14,10983,117,59,"Hogan, Chris",WR,,NEP,8,1,2016,https://www70.myfantasyleague.com/2016/export?TYPE=adp&JSON=1&FRANCHISES=8&IS_PPR=1,https://www70.myfantasyleague.com/2016/export?TYPE=players&JSON=1
83.43,14,12611,141,29,"Goff, Jared",QB,R,RAM,8,1,2016,https://www70.myfantasyleague.com/2016/export?TYPE=adp&JSON=1&FRANCHISES=8&IS_PPR=1,https://www70.myfantasyleague.com/2016/export?TYPE=players&JSON=1
85.00,1,10768,85,85,"David, Lavonte",LB,,TBB,8,1,2016,https://www70.myfantasyleague.com/2016/export?TYPE=adp&JSON=1&FRANCHISES=8&IS_PPR=1,https://www70.myfantasyleague.com/2016/export?TYPE=players&JSON=1
85.40,10,8359,223,44,"Gostkowski, Stephen",PK,,NEP,8,1,2016,https://www70.myfantasyleague.com/2016/export?TYPE=adp&JSON=1&FRANCHISES=8&IS_PPR=1,https://www70.myfantasyleague.com/2016/export?TYPE=players&JSON=1
85.57,14,8670,184,45,"Lynch, Marshawn",RB,,FA*,8,1,2016,https://www70.myfantasyleague.com/2016/export?TYPE=adp&JSON=1&FRANCHISES=8&IS_PPR=1,https://www70.myfantasyleague.com/2016/export?TYPE=players&JSON=1
86.20,10,0531,111,75,"Ravens, Baltimore",Def,,BAL,8,1,2016,https://www70.myfantasyleague.com/2016/export?TYPE=adp&JSON=1&FRANCHISES=8&IS_PPR=1,https://www70.myfantasyleague.com/2016/export?TYPE=players&JSON=1
87.13,15,10738,198,36,"Jones, Marvin",WR,,DET,8,1,2016,https://www70.myfantasyleague.com/2016/export?TYPE=adp&JSON=1&FRANCHISES=8&IS_PPR=1,https://www70.myfantasyleague.com/2016/export?TYPE=players&JSON=1
87.44,9,6789,140,74,"Bryant, Matt",PK,,ATL,8,1,2016,https://www70.myfantasyleague.com/2016/export?TYPE=adp&JSON=1&FRANCHISES=8&IS_PPR=1,https://www70.myfantasyleague.com/2016/export?TYPE=players&JSON=1
87.80,15,11760,130,36,"Garoppolo, Jimmy",QB,,NEP,8,1,2016,https://www70.myfantasyleague.com/2016/export?TYPE=adp&JSON=1&FRANCHISES=8&IS_PPR=1,https://www70.myfantasyleague.com/2016/export?TYPE=players&JSON=1
88.00,1,9816,88,88,"Berry, Eric",S,,KCC,8,1,2016,https://www70.myfantasyleague.com/2016/export?TYPE=adp&JSON=1&FRANCHISES=8&IS_PPR=1,https://www70.myfantasyleague.com/2016/export?TYPE=players&JSON=1
88.00,1,13636,88,88,,,,,8,1,2016,https://www70.myfantasyleague.com/2016/export?TYPE=adp&JSON=1&FRANCHISES=8&IS_PPR=1,https://www70.myfantasyleague.com/2016/export?TYPE=players&JSON=1
88.91,11,0514,139,61,"Chargers, San Diego",Def,,SDC,8,1,2016,https://www70.myfantasyleague.com/2016/export?TYPE=adp&JSON=1&FRANCHISES=8&IS_PPR=1,https://www70.myfantasyleague.com/2016/export?TYPE=players&JSON=1
89.50,12,9662,121,61,"Edelman, Julian",WR,,NEP,8,1,2016,https://www70.myfantasyleague.com/2016/export?TYPE=adp&JSON=1&FRANCHISES=8&IS_PPR=1,https://www70.myfantasyleague.com/2016/export?TYPE=players&JSON=1
89.57,14,12152,112,54,"Coleman, Tevin",RB,,ATL,8,1,2016,https://www70.myfantasyleague.com/2016/export?TYPE=adp&JSON=1&FRANCHISES=8&IS_PPR=1,https://www70.myfantasyleague.com/2016/export?TYPE=players&JSON=1
90.00,1,9881,90,90,"Decker, Eric",WR,,NYJ,8,1,2016,https://www70.myfantasyleague.com/2016/export?TYPE=adp&JSON=1&FRANCHISES=8&IS_PPR=1,https://www70.myfantasyleague.com/2016/export?TYPE=players&JSON=1
90.07,15,9431,144,38,"Stafford, Matthew",QB,,DET,8,1,2016,https://www70.myfantasyleague.com/2016/export?TYPE=adp&JSON=1&FRANCHISES=8&IS_PPR=1,https://www70.myfantasyleague.com/2016/export?TYPE=players&JSON=1
90.40,15,13139,125,62,,,,,8,1,2016,https://www70.myfantasyleague.com/2016/export?TYPE=adp&JSON=1&FRANCHISES=8&IS_PPR=1,https://www70.myfantasyleague.com/2016/export?TYPE=players&JSON=1
90.50,10,0511,140,73,"Broncos, Denver",Def,,DEN,8,1,2016,https://www70.myfantasyleague.com/2016/export?TYPE=adp&JSON=1&FRANCHISES=8&IS_PPR=1,https://www70.myfantasyleague.com/2016/export?TYPE=players&JSON=1
91.22,9,11945,211,62,"Santos, Cairo",PK,,KCC,8,1,2016,https://www70.myfantasyleague.com/2016/export?TYPE=adp&JSON=1&FRANCHISES=8&IS_PPR=1,https://www70.myfantasyleague.com/2016/export?TYPE=players&JSON=1
91.38,13,12205,117,34,"Funchess, Devin",WR,,CAR,8,1,2016,https://www70.myfantasyleague.com/2016/export?TYPE=adp&JSON=1&FRANCHISES=8&IS_PPR=1,https://www70.myfantasyleague.com/2016/export?TYPE=players&JSON=1
91.47,15,7394,165,45,"Rivers, Philip",QB,,SDC,8,1,2016,https://www70.myfantasyleague.com/2016/export?TYPE=adp&JSON=1&FRANCHISES=8&IS_PPR=1,https://www70.myfantasyleague.com/2016/export?TYPE=players&JSON=1
91.83,12,12620,125,12,"Prescott, Dak",QB,R,DAL,8,1,2016,https://www70.myfantasyleague.com/2016/export?TYPE=adp&JSON=1&FRANCHISES=8&IS_PPR=1,https://www70.myfantasyleague.com/2016/export?TYPE=players&JSON=1
92.00,1,9330,92,92,"Woodyard, Wesley",LB,,TEN,8,1,2016,https://www70.myfantasyleague.com/2016/export?TYPE=adp&JSON=1&FRANCHISES=8&IS_PPR=1,https://www70.myfantasyleague.com/2016/export?TYPE=players&JSON=1
92.50,14,9427,125,68,"Crabtree, Michael",WR,,OAK,8,1,2016,https://www70.myfantasyleague.com/2016/export?TYPE=adp&JSON=1&FRANCHISES=8&IS_PPR=1,https://www70.myfantasyleague.com/2016/export?TYPE=players&JSON=1
93.14,7,10948,119,24,"Keenum, Case",QB,,RAM,8,1,2016,https://www70.myfantasyleague.com/2016/export?TYPE=adp&JSON=1&FRANCHISES=8&IS_PPR=1,https://www70.myfantasyleague.com/2016/export?TYPE=players&JSON=1
94.60,10,10868,262,57,"Zuerlein, Greg",PK,,RAM,8,1,2016,https://www70.myfantasyleague.com/2016/export?TYPE=adp&JSON=1&FRANCHISES=8&IS_PPR=1,https://www70.myfantasyleague.com/2016/export?TYPE=players&JSON=1
95.00,1,12239,95,95,"Kendricks, Eric",LB,,MIN,8,1,2016,https://www70.myfantasyleague.com/2016/export?TYPE=adp&JSON=1&FRANCHISES=8&IS_PPR=1,https://www70.myfantasyleague.com/2016/export?TYPE=players&JSON=1
95.50,10,11239,118,66,"Goodwin, Marquise",WR,,BUF,8,1,2016,https://www70.myfantasyleague.com/2016/export?TYPE=adp&JSON=1&FRANCHISES=8&IS_PPR=1,https://www70.myfantasyleague.com/2016/export?TYPE=players&JSON=1
95.79,14,11248,117,79,"Reed, Jordan",TE,,WAS,8,1,2016,https://www70.myfantasyleague.com/2016/export?TYPE=adp&JSON=1&FRANCHISES=8&IS_PPR=1,https://www70.myfantasyleague.com/2016/export?TYPE=players&JSON=1
95.92,12,11657,199,45,"Hyde, Carlos",RB,,SFO,8,1,2016,https://www70.myfantasyleague.com/2016/export?TYPE=adp&JSON=1&FRANCHISES=8&IS_PPR=1,https://www70.myfantasyleague.com/2016/export?TYPE=players&JSON=1
96.08,12,13164,119,62,,,,,8,1,2016,https://www70.myfantasyleague.com/2016/export?TYPE=adp&JSON=1&FRANCHISES=8&IS_PPR=1,https://www70.myfantasyleague.com/2016/export?TYPE=players&JSON=1
97.00,2,12676,150,44,"Henry, Hunter",TE,R,SDC,8,1,2016,https://www70.myfantasyleague.com/2016/export?TYPE=adp&JSON=1&FRANCHISES=8&IS_PPR=1,https://www70.myfantasyleague.com/2016/export?TYPE=players&JSON=1
98.00,1,9051,98,98,"Campbell, Calais",DE,,ARI,8,1,2016,https://www70.myfantasyleague.com/2016/export?TYPE=adp&JSON=1&FRANCHISES=8&IS_PPR=1,https://www70.myfantasyleague.com/2016/export?TYPE=players&JSON=1
98.00,1,13647,98,98,,,,,8,1,2016,https://www70.myfantasyleague.com/2016/export?TYPE=adp&JSON=1&FRANCHISES=8&IS_PPR=1,https://www70.myfantasyleague.com/2016/export?TYPE=players&JSON=1
98.15,13,13192,129,73,,,,,8,1,2016,https://www70.myfantasyleague.com/2016/export?TYPE=adp&JSON=1&FRANCHISES=8&IS_PPR=1,https://www70.myfantasyleague.com/2016/export?TYPE=players&JSON=1
98.58,12,9118,157,58,"Nelson, Jordy",WR,,GBP,8,1,2016,https://www70.myfantasyleague.com/2016/export?TYPE=adp&JSON=1&FRANCHISES=8&IS_PPR=1,https://www70.myfantasyleague.com/2016/export?TYPE=players&JSON=1
98.62,13,10389,203,40,"Lewis, Dion",RB,,NEP,8,1,2016,https://www70.myfantasyleague.com/2016/export?TYPE=adp&JSON=1&FRANCHISES=8&IS_PPR=1,https://www70.myfantasyleague.com/2016/export?TYPE=players&JSON=1
100.00,1,12276,100,100,"Darby, Ronald",CB,,BUF,8,1,2016,https://www70.myfantasyleague.com/2016/export?TYPE=adp&JSON=1&FRANCHISES=8&IS_PPR=1,https://www70.myfantasyleague.com/2016/export?TYPE=players&JSON=1
100.20,10,12956,162,78,"Lutz, Wil",PK,R,NOS,8,1,2016,https://www70.myfantasyleague.com/2016/export?TYPE=adp&JSON=1&FRANCHISES=8&IS_PPR=1,https://www70.myfantasyleague.com/2016/export?TYPE=players&JSON=1
100.43,14,11182,224,46,"Burkhead, Rex",RB,,CIN,8,1,2016,https://www70.myfantasyleague.com/2016/export?TYPE=adp&JSON=1&FRANCHISES=8&IS_PPR=1,https://www70.myfantasyleague.com/2016/export?TYPE=players&JSON=1
100.58,12,11228,127,56,"Woods, Robert",WR,,BUF,8,1,2016,https://www70.myfantasyleague.com/2016/export?TYPE=adp&JSON=1&FRANCHISES=8&IS_PPR=1,https://www70.myfantasyleague.com/2016/export?TYPE=players&JSON=1
100.67,3,10413,135,47,"Taylor, Tyrod",QB,,BUF,8,1,2016,https://www70.myfantasyleague.com/2016/export?TYPE=adp&JSON=1&FRANCHISES=8&IS_PPR=1,https://www70.myfantasyleague.com/2016/export?TYPE=players&JSON=1
101.07,15,9099,157,37,"Ryan, Matt",QB,,ATL,8,1,2016,https://www70.myfantasyleague.com/2016/export?TYPE=adp&JSON=1&FRANCHISES=8&IS_PPR=1,https://www70.myfantasyleague.com/2016/export?TYPE=players&JSON=1
101.83,12,13610,116,79,,,,,8,1,2016,https://www70.myfantasyleague.com/2016/export?TYPE=adp&JSON=1&FRANCHISES=8&IS_PPR=1,https://www70.myfantasyleague.com/2016/export?TYPE=players&JSON=1
102.00,8,0527,123,72,"Panthers, Carolina",Def,,CAR,8,1,2016,https://www70.myfantasyleague.com/2016/export?TYPE=adp&JSON=1&FRANCHISES=8&IS_PPR=1,https://www70.myfantasyleague.com/2016/export?TYPE=players&JSON=1
102.21,14,13290,126,71,,,,,8,1,2016,https://www70.myfantasyleague.com/2016/export?TYPE=adp&JSON=1&FRANCHISES=8&IS_PPR=1,https://www70.myfantasyleague.com/2016/export?TYPE=players&JSON=1
104.00,1,9833,104,104,"Pierre-Paul, Jason",DE,,NYG,8,1,2016,https://www70.myfantasyleague.com/2016/export?TYPE=adp&JSON=1&FRANCHISES=8&IS_PPR=1,https://www70.myfantasyleague.com/2016/export?TYPE=players&JSON=1
104.33,12,11705,139,69,"Burton, Trey",TE,,PHI,8,1,2016,https://www70.myfantasyleague.com/2016/export?TYPE=adp&JSON=1&FRANCHISES=8&IS_PPR=1,https://www70.myfantasyleague.com/2016/export?TYPE=players&JSON=1
105.30,10,13629,128,18,,,,,8,1,2016,https://www70.myfantasyleague.com/2016/export?TYPE=adp&JSON=1&FRANCHISES=8&IS_PPR=1,https://www70.myfantasyleague.com/2016/export?TYPE=players&JSON=1
105.80,10,10506,234,77,"Bailey, Dan",PK,,DAL,8,1,2016,https://www70.myfantasyleague.com/2016/export?TYPE=adp&JSON=1&FRANCHISES=8&IS_PPR=1,https://www70.myfantasyleague.com/2016/export?TYPE=players&JSON=1
105.89,9,13364,121,85,,,,,8,1,2016,https://www70.myfantasyleague.com/2016/export?TYPE=adp&JSON=1&FRANCHISES=8&IS_PPR=1,https://www70.myfantasyleague.com/2016/export?TYPE=players&JSON=1
105.93,14,13116,143,48,,,,,8,1,2016,https://www70.myfantasyleague.com/2016/export?TYPE=adp&JSON=1&FRANCHISES=8&IS_PPR=1,https://www70.myfantasyleague.com/2016/export?TYPE=players&JSON=1
106.36,11,9918,208,66,"Sanders, Emmanuel",WR,,DEN,8,1,2016,https://www70.myfantasyleague.com/2016/export?TYPE=adp&JSON=1&FRANCHISES=8&IS_PPR=1,https://www70.myfantasyleague.com/2016/export?TYPE=players&JSON=1
107.00,3,11673,146,61,"Benjamin, Kelvin",WR,,CAR,8,1,2016,https://www70.myfantasyleague.com/2016/export?TYPE=adp&JSON=1&FRANCHISES=8&IS_PPR=1,https://www70.myfantasyleague.com/2016/export?TYPE=players&JSON=1
107.00,1,11721,107,107,"Mack, Khalil",DE,,OAK,8,1,2016,https://www70.myfantasyleague.com/2016/export?TYPE=adp&JSON=1&FRANCHISES=8&IS_PPR=1,https://www70.myfantasyleague.com/2016/export?TYPE=players&JSON=1
107.10,10,0532,139,77,"Texans, Houston",Def,,HOU,8,1,2016,https://www70.myfantasyleague.com/2016/export?TYPE=adp&JSON=1&FRANCHISES=8&IS_PPR=1,https://www70.myfantasyleague.com/2016/export?TYPE=players&JSON=1
109.00,1,11775,109,109,"Brown, Preston",LB,,BUF,8,1,2016,https://www70.myfantasyleague.com/2016/export?TYPE=adp&JSON=1&FRANCHISES=8&IS_PPR=1,https://www70.myfantasyleague.com/2016/export?TYPE=players&JSON=1
109.40,5,11454,183,20,"Anderson, C.J.",RB,,DEN,8,1,2016,https://www70.myfantasyleague.com/2016/export?TYPE=adp&JSON=1&FRANCHISES=8&IS_PPR=1,https://www70.myfantasyleague.com/2016/export?TYPE=players&JSON=1
109.50,6,13635,127,80,,,,,8,1,2016,https://www70.myfantasyleague.com/2016/export?TYPE=adp&JSON=1&FRANCHISES=8&IS_PPR=1,https://www70.myfantasyleague.com/2016/export?TYPE=players&JSON=1
110.00,1,12768,110,110,"Schobert, Joe",LB,R,CLE,8,1,2016,https://www70.myfantasyleague.com/2016/export?TYPE=adp&JSON=1&FRANCHISES=8&IS_PPR=1,https://www70.myfantasyleague.com/2016/export?TYPE=players&JSON=1
110.20,5,13188,167,77,,,,,8,1,2016,https://www70.myfantasyleague.com/2016/export?TYPE=adp&JSON=1&FRANCHISES=8&IS_PPR=1,https://www70.myfantasyleague.com/2016/export?TYPE=players&JSON=1
110.86,7,0529,136,87,"Saints, New Orleans",Def,,NOS,8,1,2016,https://www70.myfantasyleague.com/2016/export?TYPE=adp&JSON=1&FRANCHISES=8&IS_PPR=1,https://www70.myfantasyleague.com/2016/export?TYPE=players&JSON=1
112.00,3,0521,123,95,"Bears, Chicago",Def,,CHI,8,1,2016,https://www70.myfantasyleague.com/2016/export?TYPE=adp&JSON=1&FRANCHISES=8&IS_PPR=1,https://www70.myfantasyleague.com/2016/export?TYPE=players&JSON=1
112.00,10,12184,160,65,"Crowder, Jamison",WR,,WAS,8,1,2016,https://www70.myfantasyleague.com/2016/export?TYPE=adp&JSON=1&FRANCHISES=8&IS_PPR=1,https://www70.myfantasyleague.com/2016/export?TYPE=players&JSON=1
112.09,11,12930,170,84,"Anderson, Robby",WR,R,NYJ,8,1,2016,https://www70.myfantasyleague.com/2016/export?TYPE=adp&JSON=1&FRANCHISES=8&IS_PPR=1,https://www70.myfantasyleague.com/2016/export?TYPE=players&JSON=1
112.57,7,11668,128,90,"Crowell, Isaiah",RB,,CLE,8,1,2016,https://www70.myfantasyleague.com/2016/export?TYPE=adp&JSON=1&FRANCHISES=8&IS_PPR=1,https://www70.myfantasyleague.com/2016/export?TYPE=players&JSON=1
113.60,5,12157,191,91,"Johnson, Duke",RB,,CLE,8,1,2016,https://www70.myfantasyleague.com/2016/export?TYPE=adp&JSON=1&FRANCHISES=8&IS_PPR=1,https://www70.myfantasyleague.com/2016/export?TYPE=players&JSON=1
114.00,7,11186,217,53,"Thompson, Chris",RB,,WAS,8,1,2016,https://www70.myfantasyleague.com/2016/export?TYPE=adp&JSON=1&FRANCHISES=8&IS_PPR=1,https://www70.myfantasyleague.com/2016/export?TYPE=players&JSON=1
114.29,7,9250,165,96,"Garcon, Pierre",WR,,WAS,8,1,2016,https://www70.myfantasyleague.com/2016/export?TYPE=adp&JSON=1&FRANCHISES=8&IS_PPR=1,https://www70.myfantasyleague.com/2016/export?TYPE=players&JSON=1
115.00,1,11769,115,115,"Lawrence, Demarcus",DE,,DAL,8,1,2016,https://www70.myfantasyleague.com/2016/export?TYPE=adp&JSON=1&FRANCHISES=8&IS_PPR=1,https://www70.myfantasyleague.com/2016/export?TYPE=players&JSON=1
115.67,6,12378,120,104,"Swaim, Geoff",TE,,DAL,8,1,2016,https://www70.myfantasyleague.com/2016/export?TYPE=adp&JSON=1&FRANCHISES=8&IS_PPR=1,https://www70.myfantasyleague.com/2016/export?TYPE=players&JSON=1
116.00,1,2842,116,116,"Vinatieri, Adam",PK,,IND,8,1,2016,https://www70.myfantasyleague.com/2016/export?TYPE=adp&JSON=1&FRANCHISES=8&IS_PPR=1,https://www70.myfantasyleague.com/2016/export?TYPE=players&JSON=1
116.11,9,12141,150,95,"Mariota, Marcus",QB,,TEN,8,1,2016,https://www70.myfantasyleague.com/2016/export?TYPE=adp&JSON=1&FRANCHISES=8&IS_PPR=1,https://www70.myfantasyleague.com/2016/export?TYPE=players&JSON=1
116.58,12,7401,190,48,"Roethlisberger, Ben",QB,,PIT,8,1,2016,https://www70.myfantasyleague.com/2016/export?TYPE=adp&JSON=1&FRANCHISES=8&IS_PPR=1,https://www70.myfantasyleague.com/2016/export?TYPE=players&JSON=1
117.08,12,12647,166,86,"Fuller, Will",WR,R,HOU,8,1,2016,https://www70.myfantasyleague.com/2016/export?TYPE=adp&JSON=1&FRANCHISES=8&IS_PPR=1,https://www70.myfantasyleague.com/2016/export?TYPE=players&JSON=1
117.90,10,11250,136,84,"Eifert, Tyler",TE,,CIN,8,1,2016,https://www70.myfantasyleague.com/2016/export?TYPE=adp&JSON=1&FRANCHISES=8&IS_PPR=1,https://www70.myfantasyleague.com/2016/export?TYPE=players&JSON=1
118.00,2,0504,123,113,"Patriots, New England",Def,,NEP,8,1,2016,https://www70.myfantasyleague.com/2016/export?TYPE=adp&JSON=1&FRANCHISES=8&IS_PPR=1,https://www70.myfantasyleague.com/2016/export?TYPE=players&JSON=1
118.00,2,12187,181,55,"Lockett, Tyler",WR,,SEA,8,1,2016,https://www70.myfantasyleague.com/2016/export?TYPE=adp&JSON=1&FRANCHISES=8&IS_PPR=1,https://www70.myfantasyleague.com/2016/export?TYPE=players&JSON=1
119.80,5,0510,127,115,"Steelers, Pittsburgh",Def,,PIT,8,1,2016,https://www70.myfantasyleague.com/2016/export?TYPE=adp&JSON=1&FRANCHISES=8&IS_PPR=1,https://www70.myfantasyleague.com/2016/export?TYPE=players&JSON=1
122.00,1,5666,122,122,"Janikowski, Sebastian",PK,,OAK,8,1,2016,https://www70.myfantasyleague.com/2016/export?TYPE=adp&JSON=1&FRANCHISES=8&IS_PPR=1,https://www70.myfantasyleague.com/2016/export?TYPE=players&JSON=1
122.00,9,12658,136,109,"Shepard, Sterling",WR,R,NYG,8,1,2016,https://www70.myfantasyleague.com/2016/export?TYPE=adp&JSON=1&FRANCHISES=8&IS_PPR=1,https://www70.myfantasyleague.com/2016/export?TYPE=players&JSON=1
123.00,5,12261,168,72,"Montgomery, Ty",WR,,GBP,8,1,2016,https://www70.myfantasyleague.com/2016/export?TYPE=adp&JSON=1&FRANCHISES=8&IS_PPR=1,https://www70.myfantasyleague.com/2016/export?TYPE=players&JSON=1
123.20,5,13234,201,80,,,,,8,1,2016,https://www70.myfantasyleague.com/2016/export?TYPE=adp&JSON=1&FRANCHISES=8&IS_PPR=1,https://www70.myfantasyleague.com/2016/export?TYPE=players&JSON=1
123.60,5,0530,129,107,"49ers, San Francisco",Def,,SFO,8,1,2016,https://www70.myfantasyleague.com/2016/export?TYPE=adp&JSON=1&FRANCHISES=8&IS_PPR=1,https://www70.myfantasyleague.com/2016/export?TYPE=players&JSON=1
124.00,1,13697,124,124,,,,,8,1,2016,https://www70.myfantasyleague.com/2016/export?TYPE=adp&JSON=1&FRANCHISES=8&IS_PPR=1,https://www70.myfantasyleague.com/2016/export?TYPE=players&JSON=1
124.60,5,10308,233,85,"Cobb, Randall",WR,,GBP,8,1,2016,https://www70.myfantasyleague.com/2016/export?TYPE=adp&JSON=1&FRANCHISES=8&IS_PPR=1,https://www70.myfantasyleague.com/2016/export?TYPE=players&JSON=1
125.00,6,11516,194,93,"Doyle, Jack",TE,,IND,8,1,2016,https://www70.myfantasyleague.com/2016/export?TYPE=adp&JSON=1&FRANCHISES=8&IS_PPR=1,https://www70.myfantasyleague.com/2016/export?TYPE=players&JSON=1
126.00,1,13198,126,126,,,,,8,1,2016,https://www70.myfantasyleague.com/2016/export?TYPE=adp&JSON=1&FRANCHISES=8&IS_PPR=1,https://www70.myfantasyleague.com/2016/export?TYPE=players&JSON=1
126.25,4,11644,151,109,"Carr, Derek",QB,,OAK,8,1,2016,https://www70.myfantasyleague.com/2016/export?TYPE=adp&JSON=1&FRANCHISES=8&IS_PPR=1,https://www70.myfantasyleague.com/2016/export?TYPE=players&JSON=1
127.00,1,12711,127,127,"Ramsey, Jalen",CB,R,JAC,8,1,2016,https://www70.myfantasyleague.com/2016/export?TYPE=adp&JSON=1&FRANCHISES=8&IS_PPR=1,https://www70.myfantasyleague.com/2016/export?TYPE=players&JSON=1
127.50,2,8673,130,125,"Ginn Jr., Ted",WR,,CAR,8,1,2016,https://www70.myfantasyleague.com/2016/export?TYPE=adp&JSON=1&FRANCHISES=8&IS_PPR=1,https://www70.myfantasyleague.com/2016/export?TYPE=players&JSON=1
128.00,1,10280,128,128,"Kerrigan, Ryan",LB,,WAS,8,1,2016,https://www70.myfantasyleague.com/2016/export?TYPE=adp&JSON=1&FRANCHISES=8&IS_PPR=1,https://www70.myfantasyleague.com/2016/export?TYPE=players&JSON=1
128.00,1,13718,128,128,,,,,8,1,2016,https://www70.myfantasyleague.com/2016/export?TYPE=adp&JSON=1&FRANCHISES=8&IS_PPR=1,https://www70.myfantasyleague.com/2016/export?TYPE=players&JSON=1
129.00,1,13814,129,129,,,,,8,1,2016,https://www70.myfantasyleague.com/2016/export?TYPE=adp&JSON=1&FRANCHISES=8&IS_PPR=1,https://www70.myfantasyleague.com/2016/export?TYPE=players&JSON=1
129.50,4,11227,197,74,"Stills, Kenny",WR,,MIA,8,1,2016,https://www70.myfantasyleague.com/2016/export?TYPE=adp&JSON=1&FRANCHISES=8&IS_PPR=1,https://www70.myfantasyleague.com/2016/export?TYPE=players&JSON=1
129.80,5,13299,173,102,,,,,8,1,2016,https://www70.myfantasyleague.com/2016/export?TYPE=adp&JSON=1&FRANCHISES=8&IS_PPR=1,https://www70.myfantasyleague.com/2016/export?TYPE=players&JSON=1
130.00,3,0515,142,124,"Seahawks, Seattle",Def,,SEA,8,1,2016,https://www70.myfantasyleague.com/2016/export?TYPE=adp&JSON=1&FRANCHISES=8&IS_PPR=1,https://www70.myfantasyleague.com/2016/export?TYPE=players&JSON=1
130.00,2,9319,208,52,"Hauschka, Steven",PK,,SEA,8,1,2016,https://www70.myfantasyleague.com/2016/export?TYPE=adp&JSON=1&FRANCHISES=8&IS_PPR=1,https://www70.myfantasyleague.com/2016/export?TYPE=players&JSON=1
130.00,1,12752,130,130,"Byard, Kevin",S,R,TEN,8,1,2016,https://www70.myfantasyleague.com/2016/export?TYPE=adp&JSON=1&FRANCHISES=8&IS_PPR=1,https://www70.myfantasyleague.com/2016/export?TYPE=players&JSON=1
130.71,7,7813,226,91,"Smith, Alex",QB,,KCC,8,1,2016,https://www70.myfantasyleague.com/2016/export?TYPE=adp&JSON=1&FRANCHISES=8&IS_PPR=1,https://www70.myfantasyleague.com/2016/export?TYPE=players&JSON=1
131.00,1,0506,131,131,"Bengals, Cincinnati",Def,,CIN,8,1,2016,https://www70.myfantasyleague.com/2016/export?TYPE=adp&JSON=1&FRANCHISES=8&IS_PPR=1,https://www70.myfantasyleague.com/2016/export?TYPE=players&JSON=1
131.00,1,10770,131,131,"Brown, Zach",LB,,BUF,8,1,2016,https://www70.myfantasyleague.com/2016/export?TYPE=adp&JSON=1&FRANCHISES=8&IS_PPR=1,https://www70.myfantasyleague.com/2016/export?TYPE=players&JSON=1
132.00,1,0501,132,132,"Bills, Buffalo",Def,,BUF,8,1,2016,https://www70.myfantasyleague.com/2016/export?TYPE=adp&JSON=1&FRANCHISES=8&IS_PPR=1,https://www70.myfantasyleague.com/2016/export?TYPE=players&JSON=1
132.00,2,13622,159,105,,,,,8,1,2016,https://www70.myfantasyleague.com/2016/export?TYPE=adp&JSON=1&FRANCHISES=8&IS_PPR=1,https://www70.myfantasyleague.com/2016/export?TYPE=players&JSON=1
132.00,1,13633,132,132,,,,,8,1,2016,https://www70.myfantasyleague.com/2016/export?TYPE=adp&JSON=1&FRANCHISES=8&IS_PPR=1,https://www70.myfantasyleague.com/2016/export?TYPE=players&JSON=1
132.50,6,12181,182,108,"Agholor, Nelson",WR,,PHI,8,1,2016,https://www70.myfantasyleague.com/2016/export?TYPE=adp&JSON=1&FRANCHISES=8&IS_PPR=1,https://www70.myfantasyleague.com/2016/export?TYPE=players&JSON=1
133.00,1,10753,133,133,"Jones, Chandler",LB,,ARI,8,1,2016,https://www70.myfantasyleague.com/2016/export?TYPE=adp&JSON=1&FRANCHISES=8&IS_PPR=1,https://www70.myfantasyleague.com/2016/export?TYPE=players&JSON=1
134.00,1,12702,134,134,"Jack, Myles",LB,R,JAC,8,1,2016,https://www70.myfantasyleague.com/2016/export?TYPE=adp&JSON=1&FRANCHISES=8&IS_PPR=1,https://www70.myfantasyleague.com/2016/export?TYPE=players&JSON=1
135.00,1,10782,135,135,"Barron, Mark",LB,,RAM,8,1,2016,https://www70.myfantasyleague.com/2016/export?TYPE=adp&JSON=1&FRANCHISES=8&IS_PPR=1,https://www70.myfantasyleague.com/2016/export?TYPE=players&JSON=1
135.80,5,12887,228,93,"Kelley, Rob",RB,R,WAS,8,1,2016,https://www70.myfantasyleague.com/2016/export?TYPE=adp&JSON=1&FRANCHISES=8&IS_PPR=1,https://www70.myfantasyleague.com/2016/export?TYPE=players&JSON=1
136.00,1,10267,136,136,"Miller, Von",LB,,DEN,8,1,2016,https://www70.myfantasyleague.com/2016/export?TYPE=adp&JSON=1&FRANCHISES=8&IS_PPR=1,https://www70.myfantasyleague.com/2016/export?TYPE=players&JSON=1
136.00,2,13158,190,82,,,,,8,1,2016,https://www70.myfantasyleague.com/2016/export?TYPE=adp&JSON=1&FRANCHISES=8&IS_PPR=1,https://www70.myfantasyleague.com/2016/export?TYPE=players&JSON=1
136.67,3,13590,174,103,,,,,8,1,2016,https://www70.myfantasyleague.com/2016/export?TYPE=adp&JSON=1&FRANCHISES=8&IS_PPR=1,https://www70.myfantasyleague.com/2016/export?TYPE=players&JSON=1
137.00,1,0507,137,137,"Browns, Cleveland",Def,,CLE,8,1,2016,https://www70.myfantasyleague.com/2016/export?TYPE=adp&JSON=1&FRANCHISES=8&IS_PPR=1,https://www70.myfantasyleague.com/2016/export?TYPE=players&JSON=1
137.00,2,11697,154,120,"Seferian-Jenkins, Austin",TE,,NYJ,8,1,2016,https://www70.myfantasyleague.com/2016/export?TYPE=adp&JSON=1&FRANCHISES=8&IS_PPR=1,https://www70.myfantasyleague.com/2016/export?TYPE=players&JSON=1
137.83,6,13354,248,63,,,,,8,1,2016,https://www70.myfantasyleague.com/2016/export?TYPE=adp&JSON=1&FRANCHISES=8&IS_PPR=1,https://www70.myfantasyleague.com/2016/export?TYPE=players&JSON=1
138.00,1,0522,138,138,"Lions, Detroit",Def,,DET,8,1,2016,https://www70.myfantasyleague.com/2016/export?TYPE=adp&JSON=1&FRANCHISES=8&IS_PPR=1,https://www70.myfantasyleague.com/2016/export?TYPE=players&JSON=1
138.00,1,0525,138,138,"Buccaneers, Tampa Bay",Def,,TBB,8,1,2016,https://www70.myfantasyleague.com/2016/export?TYPE=adp&JSON=1&FRANCHISES=8&IS_PPR=1,https://www70.myfantasyleague.com/2016/export?TYPE=players&JSON=1
138.00,1,9966,138,138,"Jones, Reshad",S,,MIA,8,1,2016,https://www70.myfantasyleague.com/2016/export?TYPE=adp&JSON=1&FRANCHISES=8&IS_PPR=1,https://www70.myfantasyleague.com/2016/export?TYPE=players&JSON=1
138.00,2,11672,156,120,"Lee, Marqise",WR,,JAC,8,1,2016,https://www70.myfantasyleague.com/2016/export?TYPE=adp&JSON=1&FRANCHISES=8&IS_PPR=1,https://www70.myfantasyleague.com/2016/export?TYPE=players&JSON=1
139.00,1,0519,139,139,"Cardinals, Arizona",Def,,ARI,8,1,2016,https://www70.myfantasyleague.com/2016/export?TYPE=adp&JSON=1&FRANCHISES=8&IS_PPR=1,https://www70.myfantasyleague.com/2016/export?TYPE=players&JSON=1
139.00,2,13277,141,137,,,,,8,1,2016,https://www70.myfantasyleague.com/2016/export?TYPE=adp&JSON=1&FRANCHISES=8&IS_PPR=1,https://www70.myfantasyleague.com/2016/export?TYPE=players&JSON=1
139.00,3,13382,193,110,,,,,8,1,2016,https://www70.myfantasyleague.com/2016/export?TYPE=adp&JSON=1&FRANCHISES=8&IS_PPR=1,https://www70.myfantasyleague.com/2016/export?TYPE=players&JSON=1
139.75,4,9823,186,120,"Bryant, Dez",WR,,DAL,8,1,2016,https://www70.myfantasyleague.com/2016/export?TYPE=adp&JSON=1&FRANCHISES=8&IS_PPR=1,https://www70.myfantasyleague.com/2016/export?TYPE=players&JSON=1
140.00,1,0512,140,140,"Chiefs, Kansas City",Def,,KCC,8,1,2016,https://www70.myfantasyleague.com/2016/export?TYPE=adp&JSON=1&FRANCHISES=8&IS_PPR=1,https://www70.myfantasyleague.com/2016/export?TYPE=players&JSON=1
142.00,1,0502,142,142,"Colts, Indianapolis",Def,,IND,8,1,2016,https://www70.myfantasyleague.com/2016/export?TYPE=adp&JSON=1&FRANCHISES=8&IS_PPR=1,https://www70.myfantasyleague.com/2016/export?TYPE=players&JSON=1
142.00,3,13672,171,89,,,,,8,1,2016,https://www70.myfantasyleague.com/2016/export?TYPE=adp&JSON=1&FRANCHISES=8&IS_PPR=1,https://www70.myfantasyleague.com/2016/export?TYPE=players&JSON=1
142.00,1,13696,142,142,,,,,8,1,2016,https://www70.myfantasyleague.com/2016/export?TYPE=adp&JSON=1&FRANCHISES=8&IS_PPR=1,https://www70.myfantasyleague.com/2016/export?TYPE=players&JSON=1
142.25,4,13639,257,81,,,,,8,1,2016,https://www70.myfantasyleague.com/2016/export?TYPE=adp&JSON=1&FRANCHISES=8&IS_PPR=1,https://www70.myfantasyleague.com/2016/export?TYPE=players&JSON=1
143.00,1,0516,143,143,"Cowboys, Dallas",Def,,DAL,8,1,2016,https://www70.myfantasyleague.com/2016/export?TYPE=adp&JSON=1&FRANCHISES=8&IS_PPR=1,https://www70.myfantasyleague.com/2016/export?TYPE=players&JSON=1
143.33,3,13154,189,113,,,,,8,1,2016,https://www70.myfantasyleague.com/2016/export?TYPE=adp&JSON=1&FRANCHISES=8&IS_PPR=1,https://www70.myfantasyleague.com/2016/export?TYPE=players&JSON=1
144.00,1,0503,144,144,"Dolphins, Miami",Def,,MIA,8,1,2016,https://www70.myfantasyleague.com/2016/export?TYPE=adp&JSON=1&FRANCHISES=8&IS_PPR=1,https://www70.myfantasyleague.com/2016/export?TYPE=players&JSON=1
144.25,4,8153,272,85,"Gould, Robbie",PK,,NYG,8,1,2016,https://www70.myfantasyleague.com/2016/export?TYPE=adp&JSON=1&FRANCHISES=8&IS_PPR=1,https://www70.myfantasyleague.com/2016/export?TYPE=players&JSON=1
144.33,3,13319,210,97,,,,,8,1,2016,https://www70.myfantasyleague.com/2016/export?TYPE=adp&JSON=1&FRANCHISES=8&IS_PPR=1,https://www70.myfantasyleague.com/2016/export?TYPE=players&JSON=1
144.50,2,11695,196,93,"Ebron, Eric",TE,,DET,8,1,2016,https://www70.myfantasyleague.com/2016/export?TYPE=adp&JSON=1&FRANCHISES=8&IS_PPR=1,https://www70.myfantasyleague.com/2016/export?TYPE=players&JSON=1
145.00,1,10292,145,145,"Jordan, Cameron",DE,,NOS,8,1,2016,https://www70.myfantasyleague.com/2016/export?TYPE=adp&JSON=1&FRANCHISES=8&IS_PPR=1,https://www70.myfantasyleague.com/2016/export?TYPE=players&JSON=1
145.00,2,10903,180,110,"Matthews, Rishard",WR,,TEN,8,1,2016,https://www70.myfantasyleague.com/2016/export?TYPE=adp&JSON=1&FRANCHISES=8&IS_PPR=1,https://www70.myfantasyleague.com/2016/export?TYPE=players&JSON=1
146.00,2,10369,170,122,"Powell, Bilal",RB,,NYJ,8,1,2016,https://www70.myfantasyleague.com/2016/export?TYPE=adp&JSON=1&FRANCHISES=8&IS_PPR=1,https://www70.myfantasyleague.com/2016/export?TYPE=players&JSON=1
146.00,4,11193,172,111,"Bernard, Giovani",RB,,CIN,8,1,2016,https://www70.myfantasyleague.com/2016/export?TYPE=adp&JSON=1&FRANCHISES=8&IS_PPR=1,https://www70.myfantasyleague.com/2016/export?TYPE=players&JSON=1
147.00,1,10783,147,147,"Smith, Harrison",S,,MIN,8,1,2016,https://www70.myfantasyleague.com/2016/export?TYPE=adp&JSON=1&FRANCHISES=8&IS_PPR=1,https://www70.myfantasyleague.com/2016/export?TYPE=players&JSON=1
147.00,1,11688,147,147,"Bryant, Martavis",WR,,PIT,8,1,2016,https://www70.myfantasyleague.com/2016/export?TYPE=adp&JSON=1&FRANCHISES=8&IS_PPR=1,https://www70.myfantasyleague.com/2016/export?TYPE=players&JSON=1
147.50,2,12153,200,95,"Yeldon, T.J.",RB,,JAC,8,1,2016,https://www70.myfantasyleague.com/2016/export?TYPE=adp&JSON=1&FRANCHISES=8&IS_PPR=1,https://www70.myfantasyleague.com/2016/export?TYPE=players&JSON=1
147.75,4,11390,242,99,"Murray, Latavius",RB,,OAK,8,1,2016,https://www70.myfantasyleague.com/2016/export?TYPE=adp&JSON=1&FRANCHISES=8&IS_PPR=1,https://www70.myfantasyleague.com/2016/export?TYPE=players&JSON=1
148.00,1,13251,148,148,,,,,8,1,2016,https://www70.myfantasyleague.com/2016/export?TYPE=adp&JSON=1&FRANCHISES=8&IS_PPR=1,https://www70.myfantasyleague.com/2016/export?TYPE=players&JSON=1
148.67,3,9694,207,109,"Gano, Graham",PK,,CAR,8,1,2016,https://www70.myfantasyleague.com/2016/export?TYPE=adp&JSON=1&FRANCHISES=8&IS_PPR=1,https://www70.myfantasyleague.com/2016/export?TYPE=players&JSON=1
148.80,5,10723,270,98,"Sanu, Mohamed",WR,,ATL,8,1,2016,https://www70.myfantasyleague.com/2016/export?TYPE=adp&JSON=1&FRANCHISES=8&IS_PPR=1,https://www70.myfantasyleague.com/2016/export?TYPE=players&JSON=1
149.00,1,13146,149,149,,,,,8,1,2016,https://www70.myfantasyleague.com/2016/export?TYPE=adp&JSON=1&FRANCHISES=8&IS_PPR=1,https://www70.myfantasyleague.com/2016/export?TYPE=players&JSON=1
149.33,3,12110,238,52,"Brate, Cameron",TE,,TBB,8,1,2016,https://www70.myfantasyleague.com/2016/export?TYPE=adp&JSON=1&FRANCHISES=8&IS_PPR=1,https://www70.myfantasyleague.com/2016/export?TYPE=players&JSON=1
149.50,2,12222,215,84,"Flowers, Trey",DE,,NEP,8,1,2016,https://www70.myfantasyleague.com/2016/export?TYPE=adp&JSON=1&FRANCHISES=8&IS_PPR=1,https://www70.myfantasyleague.com/2016/export?TYPE=players&JSON=1
150.50,2,12637,209,92,"Barber, Peyton",RB,R,TBB,8,1,2016,https://www70.myfantasyleague.com/2016/export?TYPE=adp&JSON=1&FRANCHISES=8&IS_PPR=1,https://www70.myfantasyleague.com/2016/export?TYPE=players&JSON=1
151.00,1,12833,151,151,"Gathers, Rico",TE,R,FA,8,1,2016,https://www70.myfantasyleague.com/2016/export?TYPE=adp&JSON=1&FRANCHISES=8&IS_PPR=1,https://www70.myfantasyleague.com/2016/export?TYPE=players&JSON=1
152.00,1,11706,152,152,"Clowney, Jadeveon",LB,,HOU,8,1,2016,https://www70.myfantasyleague.com/2016/export?TYPE=adp&JSON=1&FRANCHISES=8&IS_PPR=1,https://www70.myfantasyleague.com/2016/export?TYPE=players&JSON=1
153.00,1,12245,153,153,"Peters, Marcus",CB,,KCC,8,1,2016,https://www70.myfantasyleague.com/2016/export?TYPE=adp&JSON=1&FRANCHISES=8&IS_PPR=1,https://www70.myfantasyleague.com/2016/export?TYPE=players&JSON=1
153.00,3,12629,192,118,"Booker, Devontae",RB,R,DEN,8,1,2016,https://www70.myfantasyleague.com/2016/export?TYPE=adp&JSON=1&FRANCHISES=8&IS_PPR=1,https://www70.myfantasyleague.com/2016/export?TYPE=players&JSON=1
153.00,1,13236,153,153,,,,,8,1,2016,https://www70.myfantasyleague.com/2016/export?TYPE=adp&JSON=1&FRANCHISES=8&IS_PPR=1,https://www70.myfantasyleague.com/2016/export?TYPE=players&JSON=1
154.00,1,11757,154,154,"Donald, Aaron",DT,,RAM,8,1,2016,https://www70.myfantasyleague.com/2016/export?TYPE=adp&JSON=1&FRANCHISES=8&IS_PPR=1,https://www70.myfantasyleague.com/2016/export?TYPE=players&JSON=1
154.00,3,13646,212,122,,,,,8,1,2016,https://www70.myfantasyleague.com/2016/export?TYPE=adp&JSON=1&FRANCHISES=8&IS_PPR=1,https://www70.myfantasyleague.com/2016/export?TYPE=players&JSON=1
155.00,1,13215,155,155,,,,,8,1,2016,https://www70.myfantasyleague.com/2016/export?TYPE=adp&JSON=1&FRANCHISES=8&IS_PPR=1,https://www70.myfantasyleague.com/2016/export?TYPE=players&JSON=1
156.00,1,11740,156,156,"Clinton-Dix, Ha Ha",S,,GBP,8,1,2016,https://www70.myfantasyleague.com/2016/export?TYPE=adp&JSON=1&FRANCHISES=8&IS_PPR=1,https://www70.myfantasyleague.com/2016/export?TYPE=players&JSON=1
158.00,1,12230,158,158,"Beasley, Vic",LB,,ATL,8,1,2016,https://www70.myfantasyleague.com/2016/export?TYPE=adp&JSON=1&FRANCHISES=8&IS_PPR=1,https://www70.myfantasyleague.com/2016/export?TYPE=players&JSON=1
158.25,4,11642,236,77,"Bortles, Blake",QB,,JAC,8,1,2016,https://www70.myfantasyleague.com/2016/export?TYPE=adp&JSON=1&FRANCHISES=8&IS_PPR=1,https://www70.myfantasyleague.com/2016/export?TYPE=players&JSON=1
158.75,4,11936,229,109,"Boswell, Chris",PK,,PIT,8,1,2016,https://www70.myfantasyleague.com/2016/export?TYPE=adp&JSON=1&FRANCHISES=8&IS_PPR=1,https://www70.myfantasyleague.com/2016/export?TYPE=players&JSON=1
159.00,1,11382,159,159,"Hyde, Micah",S,,GBP,8,1,2016,https://www70.myfantasyleague.com/2016/export?TYPE=adp&JSON=1&FRANCHISES=8&IS_PPR=1,https://www70.myfantasyleague.com/2016/export?TYPE=players&JSON=1
160.25,4,13303,267,66,,,,,8,1,2016,https://www70.myfantasyleague.com/2016/export?TYPE=adp&JSON=1&FRANCHISES=8&IS_PPR=1,https://www70.myfantasyleague.com/2016/export?TYPE=players&JSON=1
161.00,1,8713,161,161,"Weddle, Eric",S,,BAL,8,1,2016,https://www70.myfantasyleague.com/2016/export?TYPE=adp&JSON=1&FRANCHISES=8&IS_PPR=1,https://www70.myfantasyleague.com/2016/export?TYPE=players&JSON=1
162.00,1,13631,162,162,,,,,8,1,2016,https://www70.myfantasyleague.com/2016/export?TYPE=adp&JSON=1&FRANCHISES=8&IS_PPR=1,https://www70.myfantasyleague.com/2016/export?TYPE=players&JSON=1
163.00,1,13714,163,163,,,,,8,1,2016,https://www70.myfantasyleague.com/2016/export?TYPE=adp&JSON=1&FRANCHISES=8&IS_PPR=1,https://www70.myfantasyleague.com/2016/export?TYPE=players&JSON=1
164.00,4,13680,241,108,,,,,8,1,2016,https://www70.myfantasyleague.com/2016/export?TYPE=adp&JSON=1&FRANCHISES=8&IS_PPR=1,https://www70.myfantasyleague.com/2016/export?TYPE=players&JSON=1
164.00,1,13727,164,164,,,,,8,1,2016,https://www70.myfantasyleague.com/2016/export?TYPE=adp&JSON=1&FRANCHISES=8&IS_PPR=1,https://www70.myfantasyleague.com/2016/export?TYPE=players&JSON=1
164.50,2,9474,205,124,"Cook, Jared",TE,,GBP,8,1,2016,https://www70.myfantasyleague.com/2016/export?TYPE=adp&JSON=1&FRANCHISES=8&IS_PPR=1,https://www70.myfantasyleague.com/2016/export?TYPE=players&JSON=1
165.67,3,11925,243,116,"Hurns, Allen",WR,,JAC,8,1,2016,https://www70.myfantasyleague.com/2016/export?TYPE=adp&JSON=1&FRANCHISES=8&IS_PPR=1,https://www70.myfantasyleague.com/2016/export?TYPE=players&JSON=1
166.50,2,12648,206,127,"Doctson, Josh",WR,R,WAS,8,1,2016,https://www70.myfantasyleague.com/2016/export?TYPE=adp&JSON=1&FRANCHISES=8&IS_PPR=1,https://www70.myfantasyleague.com/2016/export?TYPE=players&JSON=1
168.00,1,11199,168,168,"Ware, Spencer",RB,,KCC,8,1,2016,https://www70.myfantasyleague.com/2016/export?TYPE=adp&JSON=1&FRANCHISES=8&IS_PPR=1,https://www70.myfantasyleague.com/2016/export?TYPE=players&JSON=1
168.50,2,10409,196,141,"Clay, Charles",TE,,BUF,8,1,2016,https://www70.myfantasyleague.com/2016/export?TYPE=adp&JSON=1&FRANCHISES=8&IS_PPR=1,https://www70.myfantasyleague.com/2016/export?TYPE=players&JSON=1
169.00,1,9749,169,169,"Bennett, Michael",DE,,SEA,8,1,2016,https://www70.myfantasyleague.com/2016/export?TYPE=adp&JSON=1&FRANCHISES=8&IS_PPR=1,https://www70.myfantasyleague.com/2016/export?TYPE=players&JSON=1
169.00,1,13167,169,169,,,,,8,1,2016,https://www70.myfantasyleague.com/2016/export?TYPE=adp&JSON=1&FRANCHISES=8&IS_PPR=1,https://www70.myfantasyleague.com/2016/export?TYPE=players&JSON=1
169.50,2,7422,222,117,"Watson, Ben",TE,,BAL,8,1,2016,https://www70.myfantasyleague.com/2016/export?TYPE=adp&JSON=1&FRANCHISES=8&IS_PPR=1,https://www70.myfantasyleague.com/2016/export?TYPE=players&JSON=1
171.00,1,13634,171,171,,,,,8,1,2016,https://www70.myfantasyleague.com/2016/export?TYPE=adp&JSON=1&FRANCHISES=8&IS_PPR=1,https://www70.myfantasyleague.com/2016/export?TYPE=players&JSON=1
173.00,1,13136,173,173,,,,,8,1,2016,https://www70.myfantasyleague.com/2016/export?TYPE=adp&JSON=1&FRANCHISES=8&IS_PPR=1,https://www70.myfantasyleague.com/2016/export?TYPE=players&JSON=1
173.33,3,8930,269,110,"Prater, Matt",PK,,DET,8,1,2016,https://www70.myfantasyleague.com/2016/export?TYPE=adp&JSON=1&FRANCHISES=8&IS_PPR=1,https://www70.myfantasyleague.com/2016/export?TYPE=players&JSON=1
174.00,1,12717,174,174,"Joseph, Karl",S,R,OAK,8,1,2016,https://www70.myfantasyleague.com/2016/export?TYPE=adp&JSON=1&FRANCHISES=8&IS_PPR=1,https://www70.myfantasyleague.com/2016/export?TYPE=players&JSON=1
175.00,1,11720,175,175,"Barr, Anthony",LB,,MIN,8,1,2016,https://www70.myfantasyleague.com/2016/export?TYPE=adp&JSON=1&FRANCHISES=8&IS_PPR=1,https://www70.myfantasyleague.com/2016/export?TYPE=players&JSON=1
175.00,1,12646,175,175,"Coleman, Corey",WR,R,CLE,8,1,2016,https://www70.myfantasyleague.com/2016/export?TYPE=adp&JSON=1&FRANCHISES=8&IS_PPR=1,https://www70.myfantasyleague.com/2016/export?TYPE=players&JSON=1
176.00,1,10816,176,176,"Davis, Demario",LB,,CLE,8,1,2016,https://www70.myfantasyleague.com/2016/export?TYPE=adp&JSON=1&FRANCHISES=8&IS_PPR=1,https://www70.myfantasyleague.com/2016/export?TYPE=players&JSON=1
176.00,1,13155,176,176,,,,,8,1,2016,https://www70.myfantasyleague.com/2016/export?TYPE=adp&JSON=1&FRANCHISES=8&IS_PPR=1,https://www70.myfantasyleague.com/2016/export?TYPE=players&JSON=1
177.00,1,9430,177,177,"Jenkins, Malcolm",S,,PHI,8,1,2016,https://www70.myfantasyleague.com/2016/export?TYPE=adp&JSON=1&FRANCHISES=8&IS_PPR=1,https://www70.myfantasyleague.com/2016/export?TYPE=players&JSON=1
177.33,3,13591,244,96,,,,,8,1,2016,https://www70.myfantasyleague.com/2016/export?TYPE=adp&JSON=1&FRANCHISES=8&IS_PPR=1,https://www70.myfantasyleague.com/2016/export?TYPE=players&JSON=1
178.00,1,10350,178,178,"Wright, K.J.",LB,,SEA,8,1,2016,https://www70.myfantasyleague.com/2016/export?TYPE=adp&JSON=1&FRANCHISES=8&IS_PPR=1,https://www70.myfantasyleague.com/2016/export?TYPE=players&JSON=1
179.00,1,11349,179,179,"Collins, Jamie",LB,,CLE,8,1,2016,https://www70.myfantasyleague.com/2016/export?TYPE=adp&JSON=1&FRANCHISES=8&IS_PPR=1,https://www70.myfantasyleague.com/2016/export?TYPE=players&JSON=1
180.00,1,10749,180,180,"Ingram, Melvin",LB,,SDC,8,1,2016,https://www70.myfantasyleague.com/2016/export?TYPE=adp&JSON=1&FRANCHISES=8&IS_PPR=1,https://www70.myfantasyleague.com/2016/export?TYPE=players&JSON=1
181.00,1,12756,181,181,"Ngakoue, Yannick",DE,R,JAC,8,1,2016,https://www70.myfantasyleague.com/2016/export?TYPE=adp&JSON=1&FRANCHISES=8&IS_PPR=1,https://www70.myfantasyleague.com/2016/export?TYPE=players&JSON=1
181.00,3,13378,239,127,,,,,8,1,2016,https://www70.myfantasyleague.com/2016/export?TYPE=adp&JSON=1&FRANCHISES=8&IS_PPR=1,https://www70.myfantasyleague.com/2016/export?TYPE=players&JSON=1
182.00,2,13133,224,140,,,,,8,1,2016,https://www70.myfantasyleague.com/2016/export?TYPE=adp&JSON=1&FRANCHISES=8&IS_PPR=1,https://www70.myfantasyleague.com/2016/export?TYPE=players&JSON=1
183.00,1,7877,183,183,"Gore, Frank",RB,,IND,8,1,2016,https://www70.myfantasyleague.com/2016/export?TYPE=adp&JSON=1&FRANCHISES=8&IS_PPR=1,https://www70.myfantasyleague.com/2016/export?TYPE=players&JSON=1
184.00,1,7942,184,184,"Sproles, Darren",RB,,PHI,8,1,2016,https://www70.myfantasyleague.com/2016/export?TYPE=adp&JSON=1&FRANCHISES=8&IS_PPR=1,https://www70.myfantasyleague.com/2016/export?TYPE=players&JSON=1
184.50,2,13163,251,118,,,,,8,1,2016,https://www70.myfantasyleague.com/2016/export?TYPE=adp&JSON=1&FRANCHISES=8&IS_PPR=1,https://www70.myfantasyleague.com/2016/export?TYPE=players&JSON=1
185.00,1,10761,185,185,"Poe, Dontari",DT,,KCC,8,1,2016,https://www70.myfantasyleague.com/2016/export?TYPE=adp&JSON=1&FRANCHISES=8&IS_PPR=1,https://www70.myfantasyleague.com/2016/export?TYPE=players&JSON=1
185.00,1,12665,185,185,"Allison, Geronimo",WR,R,GBP,8,1,2016,https://www70.myfantasyleague.com/2016/export?TYPE=adp&JSON=1&FRANCHISES=8&IS_PPR=1,https://www70.myfantasyleague.com/2016/export?TYPE=players&JSON=1
187.00,1,13230,187,187,,,,,8,1,2016,https://www70.myfantasyleague.com/2016/export?TYPE=adp&JSON=1&FRANCHISES=8&IS_PPR=1,https://www70.myfantasyleague.com/2016/export?TYPE=players&JSON=1
187.67,3,11188,279,132,"Riddick, Theo",RB,,DET,8,1,2016,https://www70.myfantasyleague.com/2016/export?TYPE=adp&JSON=1&FRANCHISES=8&IS_PPR=1,https://www70.myfantasyleague.com/2016/export?TYPE=players&JSON=1
188.00,1,9465,188,188,"Chung, Patrick",S,,NEP,8,1,2016,https://www70.myfantasyleague.com/2016/export?TYPE=adp&JSON=1&FRANCHISES=8&IS_PPR=1,https://www70.myfantasyleague.com/2016/export?TYPE=players&JSON=1
188.50,2,10709,255,122,"Martin, Doug",RB,,TBB,8,1,2016,https://www70.myfantasyleague.com/2016/export?TYPE=adp&JSON=1&FRANCHISES=8&IS_PPR=1,https://www70.myfantasyleague.com/2016/export?TYPE=players&JSON=1
189.00,1,12391,189,189,"Williams, Tyrell",WR,,SDC,8,1,2016,https://www70.myfantasyleague.com/2016/export?TYPE=adp&JSON=1&FRANCHISES=8&IS_PPR=1,https://www70.myfantasyleague.com/2016/export?TYPE=players&JSON=1
190.00,2,9075,259,121,"Jackson, DeSean",WR,,WAS,8,1,2016,https://www70.myfantasyleague.com/2016/export?TYPE=adp&JSON=1&FRANCHISES=8&IS_PPR=1,https://www70.myfantasyleague.com/2016/export?TYPE=players&JSON=1
191.00,1,13619,191,191,,,,,8,1,2016,https://www70.myfantasyleague.com/2016/export?TYPE=adp&JSON=1&FRANCHISES=8&IS_PPR=1,https://www70.myfantasyleague.com/2016/export?TYPE=players&JSON=1
191.50,2,13134,240,143,,,,,8,1,2016,https://www70.myfantasyleague.com/2016/export?TYPE=adp&JSON=1&FRANCHISES=8&IS_PPR=1,https://www70.myfantasyleague.com/2016/export?TYPE=players&JSON=1
191.67,3,13412,252,119,,,,,8,1,2016,https://www70.myfantasyleague.com/2016/export?TYPE=adp&JSON=1&FRANCHISES=8&IS_PPR=1,https://www70.myfantasyleague.com/2016/export?TYPE=players&JSON=1
192.67,3,9898,249,114,"Blount, LeGarrette",RB,,NEP,8,1,2016,https://www70.myfantasyleague.com/2016/export?TYPE=adp&JSON=1&FRANCHISES=8&IS_PPR=1,https://www70.myfantasyleague.com/2016/export?TYPE=players&JSON=1
193.00,1,10879,193,193,"Trevathan, Danny",LB,,CHI,8,1,2016,https://www70.myfantasyleague.com/2016/export?TYPE=adp&JSON=1&FRANCHISES=8&IS_PPR=1,https://www70.myfantasyleague.com/2016/export?TYPE=players&JSON=1
194.00,1,11676,194,194,"Matthews, Jordan",WR,,PHI,8,1,2016,https://www70.myfantasyleague.com/2016/export?TYPE=adp&JSON=1&FRANCHISES=8&IS_PPR=1,https://www70.myfantasyleague.com/2016/export?TYPE=players&JSON=1
195.00,1,10077,195,195,"Ivory, Chris",RB,,JAC,8,1,2016,https://www70.myfantasyleague.com/2016/export?TYPE=adp&JSON=1&FRANCHISES=8&IS_PPR=1,https://www70.myfantasyleague.com/2016/export?TYPE=players&JSON=1
195.00,2,12159,227,163,"Allen, Javorius",RB,,BAL,8,1,2016,https://www70.myfantasyleague.com/2016/export?TYPE=adp&JSON=1&FRANCHISES=8&IS_PPR=1,https://www70.myfantasyleague.com/2016/export?TYPE=players&JSON=1
195.00,1,12703,195,195,"Ragland, Reggie",LB,R,BUF,8,1,2016,https://www70.myfantasyleague.com/2016/export?TYPE=adp&JSON=1&FRANCHISES=8&IS_PPR=1,https://www70.myfantasyleague.com/2016/export?TYPE=players&JSON=1
197.00,1,11681,197,197,"Richardson, Paul",WR,,SEA,8,1,2016,https://www70.myfantasyleague.com/2016/export?TYPE=adp&JSON=1&FRANCHISES=8&IS_PPR=1,https://www70.myfantasyleague.com/2016/export?TYPE=players&JSON=1
197.50,2,8742,260,135,"Crosby, Mason",PK,,GBP,8,1,2016,https://www70.myfantasyleague.com/2016/export?TYPE=adp&JSON=1&FRANCHISES=8&IS_PPR=1,https://www70.myfantasyleague.com/2016/export?TYPE=players&JSON=1
199.00,1,13662,199,199,,,,,8,1,2016,https://www70.myfantasyleague.com/2016/export?TYPE=adp&JSON=1&FRANCHISES=8&IS_PPR=1,https://www70.myfantasyleague.com/2016/export?TYPE=players&JSON=1
200.00,1,11313,200,200,"Mathieu, Tyrann",S,,ARI,8,1,2016,https://www70.myfantasyleague.com/2016/export?TYPE=adp&JSON=1&FRANCHISES=8&IS_PPR=1,https://www70.myfantasyleague.com/2016/export?TYPE=players&JSON=1
201.00,1,7391,201,201,"Manning, Eli",QB,,NYG,8,1,2016,https://www70.myfantasyleague.com/2016/export?TYPE=adp&JSON=1&FRANCHISES=8&IS_PPR=1,https://www70.myfantasyleague.com/2016/export?TYPE=players&JSON=1
201.00,2,13630,256,146,,,,,8,1,2016,https://www70.myfantasyleague.com/2016/export?TYPE=adp&JSON=1&FRANCHISES=8&IS_PPR=1,https://www70.myfantasyleague.com/2016/export?TYPE=players&JSON=1
202.00,1,11299,202,202,"Bostic, Jon",LB,,DET,8,1,2016,https://www70.myfantasyleague.com/2016/export?TYPE=adp&JSON=1&FRANCHISES=8&IS_PPR=1,https://www70.myfantasyleague.com/2016/export?TYPE=players&JSON=1
202.00,1,11850,202,202,"Enunwa, Quincy",WR,,NYJ,8,1,2016,https://www70.myfantasyleague.com/2016/export?TYPE=adp&JSON=1&FRANCHISES=8&IS_PPR=1,https://www70.myfantasyleague.com/2016/export?TYPE=players&JSON=1
203.00,1,11890,203,203,"Wilson, Albert",WR,,KCC,8,1,2016,https://www70.myfantasyleague.com/2016/export?TYPE=adp&JSON=1&FRANCHISES=8&IS_PPR=1,https://www70.myfantasyleague.com/2016/export?TYPE=players&JSON=1
204.00,1,12272,204,204,"McKinney, Benardrick",LB,,HOU,8,1,2016,https://www70.myfantasyleague.com/2016/export?TYPE=adp&JSON=1&FRANCHISES=8&IS_PPR=1,https://www70.myfantasyleague.com/2016/export?TYPE=players&JSON=1
205.00,1,11308,205,205,"Alonso, Kiko",LB,,MIA,8,1,2016,https://www70.myfantasyleague.com/2016/export?TYPE=adp&JSON=1&FRANCHISES=8&IS_PPR=1,https://www70.myfantasyleague.com/2016/export?TYPE=players&JSON=1
206.00,1,11211,206,206,"Williams, Terrance",WR,,DAL,8,1,2016,https://www70.myfantasyleague.com/2016/export?TYPE=adp&JSON=1&FRANCHISES=8&IS_PPR=1,https://www70.myfantasyleague.com/2016/export?TYPE=players&JSON=1
207.00,2,12465,247,167,"Meredith, Cameron",WR,,CHI,8,1,2016,https://www70.myfantasyleague.com/2016/export?TYPE=adp&JSON=1&FRANCHISES=8&IS_PPR=1,https://www70.myfantasyleague.com/2016/export?TYPE=players&JSON=1
207.00,1,13709,207,207,,,,,8,1,2016,https://www70.myfantasyleague.com/2016/export?TYPE=adp&JSON=1&FRANCHISES=8&IS_PPR=1,https://www70.myfantasyleague.com/2016/export?TYPE=players&JSON=1
209.00,1,9549,209,209,"Quin, Glover",S,,DET,8,1,2016,https://www70.myfantasyleague.com/2016/export?TYPE=adp&JSON=1&FRANCHISES=8&IS_PPR=1,https://www70.myfantasyleague.com/2016/export?TYPE=players&JSON=1
210.00,1,12627,210,210,"Prosise, C.J.",RB,R,SEA,8,1,2016,https://www70.myfantasyleague.com/2016/export?TYPE=adp&JSON=1&FRANCHISES=8&IS_PPR=1,https://www70.myfantasyleague.com/2016/export?TYPE=players&JSON=1
211.00,1,11076,211,211,"Kearse, Jermaine",WR,,SEA,8,1,2016,https://www70.myfantasyleague.com/2016/export?TYPE=adp&JSON=1&FRANCHISES=8&IS_PPR=1,https://www70.myfantasyleague.com/2016/export?TYPE=players&JSON=1
212.00,1,12632,212,212,"Dixon, Kenneth",RB,R,BAL,8,1,2016,https://www70.myfantasyleague.com/2016/export?TYPE=adp&JSON=1&FRANCHISES=8&IS_PPR=1,https://www70.myfantasyleague.com/2016/export?TYPE=players&JSON=1
212.50,2,9308,280,145,"Amendola, Danny",WR,,NEP,8,1,2016,https://www70.myfantasyleague.com/2016/export?TYPE=adp&JSON=1&FRANCHISES=8&IS_PPR=1,https://www70.myfantasyleague.com/2016/export?TYPE=players&JSON=1
213.00,1,10277,213,213,"Houston, Justin",LB,,KCC,8,1,2016,https://www70.myfantasyleague.com/2016/export?TYPE=adp&JSON=1&FRANCHISES=8&IS_PPR=1,https://www70.myfantasyleague.com/2016/export?TYPE=players&JSON=1
214.00,1,9843,214,214,"LaFell, Brandon",WR,,CIN,8,1,2016,https://www70.myfantasyleague.com/2016/export?TYPE=adp&JSON=1&FRANCHISES=8&IS_PPR=1,https://www70.myfantasyleague.com/2016/export?TYPE=players&JSON=1
214.00,1,13221,214,214,,,,,8,1,2016,https://www70.myfantasyleague.com/2016/export?TYPE=adp&JSON=1&FRANCHISES=8&IS_PPR=1,https://www70.myfantasyleague.com/2016/export?TYPE=players&JSON=1
216.00,1,9828,216,216,"Griffen, Everson",DE,,MIN,8,1,2016,https://www70.myfantasyleague.com/2016/export?TYPE=adp&JSON=1&FRANCHISES=8&IS_PPR=1,https://www70.myfantasyleague.com/2016/export?TYPE=players&JSON=1
216.00,1,10973,216,216,"Beasley, Cole",WR,,DAL,8,1,2016,https://www70.myfantasyleague.com/2016/export?TYPE=adp&JSON=1&FRANCHISES=8&IS_PPR=1,https://www70.myfantasyleague.com/2016/export?TYPE=players&JSON=1
217.00,1,13726,217,217,,,,,8,1,2016,https://www70.myfantasyleague.com/2016/export?TYPE=adp&JSON=1&FRANCHISES=8&IS_PPR=1,https://www70.myfantasyleague.com/2016/export?TYPE=players&JSON=1
218.00,1,11512,218,218,"Bouye, A.J.",CB,,HOU,8,1,2016,https://www70.myfantasyleague.com/2016/export?TYPE=adp&JSON=1&FRANCHISES=8&IS_PPR=1,https://www70.myfantasyleague.com/2016/export?TYPE=players&JSON=1
218.00,1,11677,218,218,"Moncrief, Donte",WR,,IND,8,1,2016,https://www70.myfantasyleague.com/2016/export?TYPE=adp&JSON=1&FRANCHISES=8&IS_PPR=1,https://www70.myfantasyleague.com/2016/export?TYPE=players&JSON=1
219.00,1,11783,219,219,"Brown, John",WR,,ARI,8,1,2016,https://www70.myfantasyleague.com/2016/export?TYPE=adp&JSON=1&FRANCHISES=8&IS_PPR=1,https://www70.myfantasyleague.com/2016/export?TYPE=players&JSON=1
220.00,1,12274,220,220,"Tartt, Jaquiski",S,,SFO,8,1,2016,https://www70.myfantasyleague.com/2016/export?TYPE=adp&JSON=1&FRANCHISES=8&IS_PPR=1,https://www70.myfantasyleague.com/2016/export?TYPE=players&JSON=1
220.00,1,12677,220,220,"Hooper, Austin",TE,R,ATL,8,1,2016,https://www70.myfantasyleague.com/2016/export?TYPE=adp&JSON=1&FRANCHISES=8&IS_PPR=1,https://www70.myfantasyleague.com/2016/export?TYPE=players&JSON=1
221.00,1,10772,221,221,"Burfict, Vontaze",LB,,CIN,8,1,2016,https://www70.myfantasyleague.com/2016/export?TYPE=adp&JSON=1&FRANCHISES=8&IS_PPR=1,https://www70.myfantasyleague.com/2016/export?TYPE=players&JSON=1
221.00,1,13404,221,221,,,,,8,1,2016,https://www70.myfantasyleague.com/2016/export?TYPE=adp&JSON=1&FRANCHISES=8&IS_PPR=1,https://www70.myfantasyleague.com/2016/export?TYPE=players&JSON=1
221.50,2,13621,245,198,,,,,8,1,2016,https://www70.myfantasyleague.com/2016/export?TYPE=adp&JSON=1&FRANCHISES=8&IS_PPR=1,https://www70.myfantasyleague.com/2016/export?TYPE=players&JSON=1
222.00,1,11654,222,222,"Hill, Jeremy",RB,,CIN,8,1,2016,https://www70.myfantasyleague.com/2016/export?TYPE=adp&JSON=1&FRANCHISES=8&IS_PPR=1,https://www70.myfantasyleague.com/2016/export?TYPE=players&JSON=1
222.50,2,13115,226,219,,,,,8,1,2016,https://www70.myfantasyleague.com/2016/export?TYPE=adp&JSON=1&FRANCHISES=8&IS_PPR=1,https://www70.myfantasyleague.com/2016/export?TYPE=players&JSON=1
223.00,1,10500,223,223,"Pryor, Terrelle",WR,,CLE,8,1,2016,https://www70.myfantasyleague.com/2016/export?TYPE=adp&JSON=1&FRANCHISES=8&IS_PPR=1,https://www70.myfantasyleague.com/2016/export?TYPE=players&JSON=1
224.00,2,13592,266,182,,,,,8,1,2016,https://www70.myfantasyleague.com/2016/export?TYPE=adp&JSON=1&FRANCHISES=8&IS_PPR=1,https://www70.myfantasyleague.com/2016/export?TYPE=players&JSON=1
225.00,1,10266,225,225,"Heyward, Cameron",DE,,PIT,8,1,2016,https://www70.myfantasyleague.com/2016/export?TYPE=adp&JSON=1&FRANCHISES=8&IS_PPR=1,https://www70.myfantasyleague.com/2016/export?TYPE=players&JSON=1
225.00,1,13638,225,225,,,,,8,1,2016,https://www70.myfantasyleague.com/2016/export?TYPE=adp&JSON=1&FRANCHISES=8&IS_PPR=1,https://www70.myfantasyleague.com/2016/export?TYPE=players&JSON=1
225.50,2,11747,263,188,"White, James",RB,,NEP,8,1,2016,https://www70.myfantasyleague.com/2016/export?TYPE=adp&JSON=1&FRANCHISES=8&IS_PPR=1,https://www70.myfantasyleague.com/2016/export?TYPE=players&JSON=1
226.00,2,13593,273,179,,,,,8,1,2016,https://www70.myfantasyleague.com/2016/export?TYPE=adp&JSON=1&FRANCHISES=8&IS_PPR=1,https://www70.myfantasyleague.com/2016/export?TYPE=players&JSON=1
227.00,1,13144,227,227,,,,,8,1,2016,https://www70.myfantasyleague.com/2016/export?TYPE=adp&JSON=1&FRANCHISES=8&IS_PPR=1,https://www70.myfantasyleague.com/2016/export?TYPE=players&JSON=1
228.00,1,13699,228,228,,,,,8,1,2016,https://www70.myfantasyleague.com/2016/export?TYPE=adp&JSON=1&FRANCHISES=8&IS_PPR=1,https://www70.myfantasyleague.com/2016/export?TYPE=players&JSON=1
229.00,1,12444,229,229,"Smith, Rod",RB,,DAL,8,1,2016,https://www70.myfantasyleague.com/2016/export?TYPE=adp&JSON=1&FRANCHISES=8&IS_PPR=1,https://www70.myfantasyleague.com/2016/export?TYPE=players&JSON=1
230.00,1,11317,230,230,"Poyer, Jordan",S,,CLE,8,1,2016,https://www70.myfantasyleague.com/2016/export?TYPE=adp&JSON=1&FRANCHISES=8&IS_PPR=1,https://www70.myfantasyleague.com/2016/export?TYPE=players&JSON=1
230.00,1,12155,230,230,"Abdullah, Ameer",RB,,DET,8,1,2016,https://www70.myfantasyleague.com/2016/export?TYPE=adp&JSON=1&FRANCHISES=8&IS_PPR=1,https://www70.myfantasyleague.com/2016/export?TYPE=players&JSON=1
231.00,1,10850,231,231,"Marshall, Brandon",LB,,DEN,8,1,2016,https://www70.myfantasyleague.com/2016/export?TYPE=adp&JSON=1&FRANCHISES=8&IS_PPR=1,https://www70.myfantasyleague.com/2016/export?TYPE=players&JSON=1
231.00,1,11213,231,231,"Austin, Tavon",WR,,RAM,8,1,2016,https://www70.myfantasyleague.com/2016/export?TYPE=adp&JSON=1&FRANCHISES=8&IS_PPR=1,https://www70.myfantasyleague.com/2016/export?TYPE=players&JSON=1
232.00,1,10393,232,232,"Sherman, Richard",CB,,SEA,8,1,2016,https://www70.myfantasyleague.com/2016/export?TYPE=adp&JSON=1&FRANCHISES=8&IS_PPR=1,https://www70.myfantasyleague.com/2016/export?TYPE=players&JSON=1
232.00,1,13601,232,232,,,,,8,1,2016,https://www70.myfantasyleague.com/2016/export?TYPE=adp&JSON=1&FRANCHISES=8&IS_PPR=1,https://www70.myfantasyleague.com/2016/export?TYPE=players&JSON=1
233.00,1,13674,233,233,,,,,8,1,2016,https://www70.myfantasyleague.com/2016/export?TYPE=adp&JSON=1&FRANCHISES=8&IS_PPR=1,https://www70.myfantasyleague.com/2016/export?TYPE=players&JSON=1
234.00,1,13214,234,234,,,,,8,1,2016,https://www70.myfantasyleague.com/2016/export?TYPE=adp&JSON=1&FRANCHISES=8&IS_PPR=1,https://www70.myfantasyleague.com/2016/export?TYPE=players&JSON=1
235.00,1,13657,235,235,,,,,8,1,2016,https://www70.myfantasyleague.com/2016/export?TYPE=adp&JSON=1&FRANCHISES=8&IS_PPR=1,https://www70.myfantasyleague.com/2016/export?TYPE=players&JSON=1
235.00,1,13713,235,235,,,,,8,1,2016,https://www70.myfantasyleague.com/2016/export?TYPE=adp&JSON=1&FRANCHISES=8&IS_PPR=1,https://www70.myfantasyleague.com/2016/export?TYPE=players&JSON=1
236.00,1,9101,236,236,"Stewart, Jonathan",RB,,CAR,8,1,2016,https://www70.myfantasyleague.com/2016/export?TYPE=adp&JSON=1&FRANCHISES=8&IS_PPR=1,https://www70.myfantasyleague.com/2016/export?TYPE=players&JSON=1
237.00,1,13649,237,237,,,,,8,1,2016,https://www70.myfantasyleague.com/2016/export?TYPE=adp&JSON=1&FRANCHISES=8&IS_PPR=1,https://www70.myfantasyleague.com/2016/export?TYPE=players&JSON=1
237.00,1,13688,237,237,,,,,8,1,2016,https://www70.myfantasyleague.com/2016/export?TYPE=adp&JSON=1&FRANCHISES=8&IS_PPR=1,https://www70.myfantasyleague.com/2016/export?TYPE=players&JSON=1
238.00,1,13108,238,238,"McKissic, J.D.",WR,R,SEA,8,1,2016,https://www70.myfantasyleague.com/2016/export?TYPE=adp&JSON=1&FRANCHISES=8&IS_PPR=1,https://www70.myfantasyleague.com/2016/export?TYPE=players&JSON=1
239.00,1,13135,239,239,,,,,8,1,2016,https://www70.myfantasyleague.com/2016/export?TYPE=adp&JSON=1&FRANCHISES=8&IS_PPR=1,https://www70.myfantasyleague.com/2016/export?TYPE=players&JSON=1
240.00,1,12934,240,240,"Rogers, Chester",WR,R,IND,8,1,2016,https://www70.myfantasyleague.com/2016/export?TYPE=adp&JSON=1&FRANCHISES=8&IS_PPR=1,https://www70.myfantasyleague.com/2016/export?TYPE=players&JSON=1
245.00,2,10313,277,213,"Dalton, Andy",QB,,CIN,8,1,2016,https://www70.myfantasyleague.com/2016/export?TYPE=adp&JSON=1&FRANCHISES=8&IS_PPR=1,https://www70.myfantasyleague.com/2016/export?TYPE=players&JSON=1
246.00,1,12221,246,246,"Hunter, Danielle",DE,,MIN,8,1,2016,https://www70.myfantasyleague.com/2016/export?TYPE=adp&JSON=1&FRANCHISES=8&IS_PPR=1,https://www70.myfantasyleague.com/2016/export?TYPE=players&JSON=1
250.00,1,10774,250,250,"Hightower, Dont'a",LB,,NEP,8,1,2016,https://www70.myfantasyleague.com/2016/export?TYPE=adp&JSON=1&FRANCHISES=8&IS_PPR=1,https://www70.myfantasyleague.com/2016/export?TYPE=players&JSON=1
253.00,1,13715,253,253,,,,,8,1,2016,https://www70.myfantasyleague.com/2016/export?TYPE=adp&JSON=1&FRANCHISES=8&IS_PPR=1,https://www70.myfantasyleague.com/2016/export?TYPE=players&JSON=1
254.00,1,11267,254,254,"Ansah, Ezekiel",DE,,DET,8,1,2016,https://www70.myfantasyleague.com/2016/export?TYPE=adp&JSON=1&FRANCHISES=8&IS_PPR=1,https://www70.myfantasyleague.com/2016/export?TYPE=players&JSON=1
258.00,1,9826,258,258,"Graham, Brandon",DE,,PHI,8,1,2016,https://www70.myfantasyleague.com/2016/export?TYPE=adp&JSON=1&FRANCHISES=8&IS_PPR=1,https://www70.myfantasyleague.com/2016/export?TYPE=players&JSON=1
261.00,1,11403,261,261,"Williams, Vince",LB,,PIT,8,1,2016,https://www70.myfantasyleague.com/2016/export?TYPE=adp&JSON=1&FRANCHISES=8&IS_PPR=1,https://www70.myfantasyleague.com/2016/export?TYPE=players&JSON=1
264.00,1,9464,264,264,"Matthews, Clay",LB,,GBP,8,1,2016,https://www70.myfantasyleague.com/2016/export?TYPE=adp&JSON=1&FRANCHISES=8&IS_PPR=1,https://www70.myfantasyleague.com/2016/export?TYPE=players&JSON=1
265.00,1,7827,265,265,"Johnson, Derrick",LB,,KCC,8,1,2016,https://www70.myfantasyleague.com/2016/export?TYPE=adp&JSON=1&FRANCHISES=8&IS_PPR=1,https://www70.myfantasyleague.com/2016/export?TYPE=players&JSON=1
268.00,1,9853,268,268,"Hughes, Jerry",LB,,BUF,8,1,2016,https://www70.myfantasyleague.com/2016/export?TYPE=adp&JSON=1&FRANCHISES=8&IS_PPR=1,https://www70.myfantasyleague.com/2016/export?TYPE=players&JSON=1
271.00,1,12985,271,271,"Littleton, Cory",LB,R,RAM,8,1,2016,https://www70.myfantasyleague.com/2016/export?TYPE=adp&JSON=1&FRANCHISES=8&IS_PPR=1,https://www70.myfantasyleague.com/2016/export?TYPE=players&JSON=1
274.00,1,11816,274,274,"Williamson, Avery",LB,,TEN,8,1,2016,https://www70.myfantasyleague.com/2016/export?TYPE=adp&JSON=1&FRANCHISES=8&IS_PPR=1,https://www70.myfantasyleague.com/2016/export?TYPE=players&JSON=1
275.00,1,9825,275,275,"Dunlap, Carlos",DE,,CIN,8,1,2016,https://www70.myfantasyleague.com/2016/export?TYPE=adp&JSON=1&FRANCHISES=8&IS_PPR=1,https://www70.myfantasyleague.com/2016/export?TYPE=players&JSON=1
276.00,1,11812,276,276,"Grant, Ryan",WR,,WAS,8,1,2016,https://www70.myfantasyleague.com/2016/export?TYPE=adp&JSON=1&FRANCHISES=8&IS_PPR=1,https://www70.myfantasyleague.com/2016/export?TYPE=players&JSON=1
278.00,1,10847,278,278,"Whitehead, Tahir",LB,,DET,8,1,2016,https://www70.myfantasyleague.com/2016/export?TYPE=adp&JSON=1&FRANCHISES=8&IS_PPR=1,https://www70.myfantasyleague.com/2016/export?TYPE=players&JSON=1
