plyrId,firstNm,lastNm,pos,tm
0151,Buffalo,Bills,TMWR,BUF
0152,Indianapolis,Colts,TMWR,IND
0153,Miami,Dolphins,TMWR,MIA
0154,New England,Patriots,TMWR,NEP
0155,New York,Jets,TMWR,NYJ
0156,Cincinnati,Bengals,TMWR,CIN
0157,Cleveland,Browns,TMWR,CLE
0158,Tennessee,Titans,TMWR,TEN
0159,Jacksonville,Jaguars,TMWR,JAC
0160,Pittsburgh,Steelers,TMWR,PIT
0161,Denver,Broncos,TMWR,DEN
0162,Kansas City,Chiefs,TMWR,KCC
0163,Oakland,Raiders,TMWR,OAK
0164,San Diego,Chargers,TMWR,SDC
0165,Seattle,Seahawks,TMWR,SEA
0166,Dallas,Cowboys,TMWR,DAL
0167,New York,Giants,TMWR,NYG
0168,Philadelphia,Eagles,TMWR,PHI
0169,Arizona,Cardinals,TMWR,ARI
0170,Washington,Redskins,TMWR,WAS
0171,Chicago,Bears,TMWR,CHI
0172,Detroit,Lions,TMWR,DET
0173,Green Bay,Packers,TMWR,GBP
0174,Minnesota,Vikings,TMWR,MIN
0175,Tampa Bay,Buccaneers,TMWR,TBB
0176,Atlanta,Falcons,TMWR,ATL
0177,Carolina,Panthers,TMWR,CAR
0178,Los Angeles,Rams,TMWR,RAM
0179,New Orleans,Saints,TMWR,NOS
0180,San Francisco,49ers,TMWR,SFO
0181,Baltimore,Ravens,TMWR,BAL
0182,Houston,Texans,TMWR,HOU
0201,Buffalo,Bills,TMRB,BUF
0202,Indianapolis,Colts,TMRB,IND
0203,Miami,Dolphins,TMRB,MIA
0204,New England,Patriots,TMRB,NEP
0205,New York,Jets,TMRB,NYJ
0206,Cincinnati,Bengals,TMRB,CIN
0207,Cleveland,Browns,TMRB,CLE
0208,Tennessee,Titans,TMRB,TEN
0209,Jacksonville,Jaguars,TMRB,JAC
0210,Pittsburgh,Steelers,TMRB,PIT
0211,Denver,Broncos,TMRB,DEN
0212,Kansas City,Chiefs,TMRB,KCC
0213,Oakland,Raiders,TMRB,OAK
0214,San Diego,Chargers,TMRB,SDC
0215,Seattle,Seahawks,TMRB,SEA
0216,Dallas,Cowboys,TMRB,DAL
0217,New York,Giants,TMRB,NYG
0218,Philadelphia,Eagles,TMRB,PHI
0219,Arizona,Cardinals,TMRB,ARI
0220,Washington,Redskins,TMRB,WAS
0221,Chicago,Bears,TMRB,CHI
0222,Detroit,Lions,TMRB,DET
0223,Green Bay,Packers,TMRB,GBP
0224,Minnesota,Vikings,TMRB,MIN
0225,Tampa Bay,Buccaneers,TMRB,TBB
0226,Atlanta,Falcons,TMRB,ATL
0227,Carolina,Panthers,TMRB,CAR
0228,Los Angeles,Rams,TMRB,RAM
0229,New Orleans,Saints,TMRB,NOS
0230,San Francisco,49ers,TMRB,SFO
0231,Baltimore,Ravens,TMRB,BAL
0232,Houston,Texans,TMRB,HOU
0251,Buffalo,Bills,TMDL,BUF
0252,Indianapolis,Colts,TMDL,IND
0253,Miami,Dolphins,TMDL,MIA
0254,New England,Patriots,TMDL,NEP
0255,New York,Jets,TMDL,NYJ
0256,Cincinnati,Bengals,TMDL,CIN
0257,Cleveland,Browns,TMDL,CLE
0258,Tennessee,Titans,TMDL,TEN
0259,Jacksonville,Jaguars,TMDL,JAC
0260,Pittsburgh,Steelers,TMDL,PIT
0261,Denver,Broncos,TMDL,DEN
0262,Kansas City,Chiefs,TMDL,KCC
0263,Oakland,Raiders,TMDL,OAK
0264,San Diego,Chargers,TMDL,SDC
0265,Seattle,Seahawks,TMDL,SEA
0266,Dallas,Cowboys,TMDL,DAL
0267,New York,Giants,TMDL,NYG
0268,Philadelphia,Eagles,TMDL,PHI
0269,Arizona,Cardinals,TMDL,ARI
0270,Washington,Redskins,TMDL,WAS
0271,Chicago,Bears,TMDL,CHI
0272,Detroit,Lions,TMDL,DET
0273,Green Bay,Packers,TMDL,GBP
0274,Minnesota,Vikings,TMDL,MIN
0275,Tampa Bay,Buccaneers,TMDL,TBB
0276,Atlanta,Falcons,TMDL,ATL
0277,Carolina,Panthers,TMDL,CAR
0278,Los Angeles,Rams,TMDL,RAM
0279,New Orleans,Saints,TMDL,NOS
0280,San Francisco,49ers,TMDL,SFO
0281,Baltimore,Ravens,TMDL,BAL
0282,Houston,Texans,TMDL,HOU
0301,Buffalo,Bills,TMLB,BUF
0302,Indianapolis,Colts,TMLB,IND
0303,Miami,Dolphins,TMLB,MIA
0304,New England,Patriots,TMLB,NEP
0305,New York,Jets,TMLB,NYJ
0306,Cincinnati,Bengals,TMLB,CIN
0307,Cleveland,Browns,TMLB,CLE
0308,Tennessee,Titans,TMLB,TEN
0309,Jacksonville,Jaguars,TMLB,JAC
0310,Pittsburgh,Steelers,TMLB,PIT
0311,Denver,Broncos,TMLB,DEN
0312,Kansas City,Chiefs,TMLB,KCC
0313,Oakland,Raiders,TMLB,OAK
0314,San Diego,Chargers,TMLB,SDC
0315,Seattle,Seahawks,TMLB,SEA
0316,Dallas,Cowboys,TMLB,DAL
0317,New York,Giants,TMLB,NYG
0318,Philadelphia,Eagles,TMLB,PHI
0319,Arizona,Cardinals,TMLB,ARI
0320,Washington,Redskins,TMLB,WAS
0321,Chicago,Bears,TMLB,CHI
0322,Detroit,Lions,TMLB,DET
0323,Green Bay,Packers,TMLB,GBP
0324,Minnesota,Vikings,TMLB,MIN
0325,Tampa Bay,Buccaneers,TMLB,TBB
0326,Atlanta,Falcons,TMLB,ATL
0327,Carolina,Panthers,TMLB,CAR
0328,Los Angeles,Rams,TMLB,RAM
0329,New Orleans,Saints,TMLB,NOS
0330,San Francisco,49ers,TMLB,SFO
0331,Baltimore,Ravens,TMLB,BAL
0332,Houston,Texans,TMLB,HOU
0351,Buffalo,Bills,TMDB,BUF
0352,Indianapolis,Colts,TMDB,IND
0353,Miami,Dolphins,TMDB,MIA
0354,New England,Patriots,TMDB,NEP
0355,New York,Jets,TMDB,NYJ
0356,Cincinnati,Bengals,TMDB,CIN
0357,Cleveland,Browns,TMDB,CLE
0358,Tennessee,Titans,TMDB,TEN
0359,Jacksonville,Jaguars,TMDB,JAC
0360,Pittsburgh,Steelers,TMDB,PIT
0361,Denver,Broncos,TMDB,DEN
0362,Kansas City,Chiefs,TMDB,KCC
0363,Oakland,Raiders,TMDB,OAK
0364,San Diego,Chargers,TMDB,SDC
0365,Seattle,Seahawks,TMDB,SEA
0366,Dallas,Cowboys,TMDB,DAL
0367,New York,Giants,TMDB,NYG
0368,Philadelphia,Eagles,TMDB,PHI
0369,Arizona,Cardinals,TMDB,ARI
0370,Washington,Redskins,TMDB,WAS
0371,Chicago,Bears,TMDB,CHI
0372,Detroit,Lions,TMDB,DET
0373,Green Bay,Packers,TMDB,GBP
0374,Minnesota,Vikings,TMDB,MIN
0375,Tampa Bay,Buccaneers,TMDB,TBB
0376,Atlanta,Falcons,TMDB,ATL
0377,Carolina,Panthers,TMDB,CAR
0378,Los Angeles,Rams,TMDB,RAM
0379,New Orleans,Saints,TMDB,NOS
0380,San Francisco,49ers,TMDB,SFO
0381,Baltimore,Ravens,TMDB,BAL
0382,Houston,Texans,TMDB,HOU
0401,Buffalo,Bills,TMTE,BUF
0402,Indianapolis,Colts,TMTE,IND
0403,Miami,Dolphins,TMTE,MIA
0404,New England,Patriots,TMTE,NEP
0405,New York,Jets,TMTE,NYJ
0406,Cincinnati,Bengals,TMTE,CIN
0407,Cleveland,Browns,TMTE,CLE
0408,Tennessee,Titans,TMTE,TEN
0409,Jacksonville,Jaguars,TMTE,JAC
0410,Pittsburgh,Steelers,TMTE,PIT
0411,Denver,Broncos,TMTE,DEN
0412,Kansas City,Chiefs,TMTE,KCC
0413,Oakland,Raiders,TMTE,OAK
0414,San Diego,Chargers,TMTE,SDC
0415,Seattle,Seahawks,TMTE,SEA
0416,Dallas,Cowboys,TMTE,DAL
0417,New York,Giants,TMTE,NYG
0418,Philadelphia,Eagles,TMTE,PHI
0419,Arizona,Cardinals,TMTE,ARI
0420,Washington,Redskins,TMTE,WAS
0421,Chicago,Bears,TMTE,CHI
0422,Detroit,Lions,TMTE,DET
0423,Green Bay,Packers,TMTE,GBP
0424,Minnesota,Vikings,TMTE,MIN
0425,Tampa Bay,Buccaneers,TMTE,TBB
0426,Atlanta,Falcons,TMTE,ATL
0427,Carolina,Panthers,TMTE,CAR
0428,Los Angeles,Rams,TMTE,RAM
0429,New Orleans,Saints,TMTE,NOS
0430,San Francisco,49ers,TMTE,SFO
0431,Baltimore,Ravens,TMTE,BAL
0432,Houston,Texans,TMTE,HOU
0501,Buffalo,Bills,Def,BUF
0502,Indianapolis,Colts,Def,IND
0503,Miami,Dolphins,Def,MIA
0504,New England,Patriots,Def,NEP
0505,New York,Jets,Def,NYJ
0506,Cincinnati,Bengals,Def,CIN
0507,Cleveland,Browns,Def,CLE
0508,Tennessee,Titans,Def,TEN
0509,Jacksonville,Jaguars,Def,JAC
0510,Pittsburgh,Steelers,Def,PIT
0511,Denver,Broncos,Def,DEN
0512,Kansas City,Chiefs,Def,KCC
0513,Oakland,Raiders,Def,OAK
0514,San Diego,Chargers,Def,SDC
0515,Seattle,Seahawks,Def,SEA
0516,Dallas,Cowboys,Def,DAL
0517,New York,Giants,Def,NYG
0518,Philadelphia,Eagles,Def,PHI
0519,Arizona,Cardinals,Def,ARI
0520,Washington,Redskins,Def,WAS
0521,Chicago,Bears,Def,CHI
0522,Detroit,Lions,Def,DET
0523,Green Bay,Packers,Def,GBP
0524,Minnesota,Vikings,Def,MIN
0525,Tampa Bay,Buccaneers,Def,TBB
0526,Atlanta,Falcons,Def,ATL
0527,Carolina,Panthers,Def,CAR
0528,Los Angeles,Rams,Def,RAM
0529,New Orleans,Saints,Def,NOS
0530,San Francisco,49ers,Def,SFO
0531,Baltimore,Ravens,Def,BAL
0532,Houston,Texans,Def,HOU
0551,Buffalo,Bills,ST,BUF
0552,Indianapolis,Colts,ST,IND
0553,Miami,Dolphins,ST,MIA
0554,New England,Patriots,ST,NEP
0555,New York,Jets,ST,NYJ
0556,Cincinnati,Bengals,ST,CIN
0557,Cleveland,Browns,ST,CLE
0558,Tennessee,Titans,ST,TEN
0559,Jacksonville,Jaguars,ST,JAC
0560,Pittsburgh,Steelers,ST,PIT
0561,Denver,Broncos,ST,DEN
0562,Kansas City,Chiefs,ST,KCC
0563,Oakland,Raiders,ST,OAK
0564,San Diego,Chargers,ST,SDC
0565,Seattle,Seahawks,ST,SEA
0566,Dallas,Cowboys,ST,DAL
0567,New York,Giants,ST,NYG
0568,Philadelphia,Eagles,ST,PHI
0569,Arizona,Cardinals,ST,ARI
0570,Washington,Redskins,ST,WAS
0571,Chicago,Bears,ST,CHI
0572,Detroit,Lions,ST,DET
0573,Green Bay,Packers,ST,GBP
0574,Minnesota,Vikings,ST,MIN
0575,Tampa Bay,Buccaneers,ST,TBB
0576,Atlanta,Falcons,ST,ATL
0577,Carolina,Panthers,ST,CAR
0578,Los Angeles,Rams,ST,RAM
0579,New Orleans,Saints,ST,NOS
0580,San Francisco,49ers,ST,SFO
0581,Baltimore,Ravens,ST,BAL
0582,Houston,Texans,ST,HOU
0601,Buffalo,Bills,Off,BUF
0602,Indianapolis,Colts,Off,IND
0603,Miami,Dolphins,Off,MIA
0604,New England,Patriots,Off,NEP
0605,New York,Jets,Off,NYJ
0606,Cincinnati,Bengals,Off,CIN
0607,Cleveland,Browns,Off,CLE
0608,Tennessee,Titans,Off,TEN
0609,Jacksonville,Jaguars,Off,JAC
0610,Pittsburgh,Steelers,Off,PIT
0611,Denver,Broncos,Off,DEN
0612,Kansas City,Chiefs,Off,KCC
0613,Oakland,Raiders,Off,OAK
0614,San Diego,Chargers,Off,SDC
0615,Seattle,Seahawks,Off,SEA
0616,Dallas,Cowboys,Off,DAL
0617,New York,Giants,Off,NYG
0618,Philadelphia,Eagles,Off,PHI
0619,Arizona,Cardinals,Off,ARI
0620,Washington,Redskins,Off,WAS
0621,Chicago,Bears,Off,CHI
0622,Detroit,Lions,Off,DET
0623,Green Bay,Packers,Off,GBP
0624,Minnesota,Vikings,Off,MIN
0625,Tampa Bay,Buccaneers,Off,TBB
0626,Atlanta,Falcons,Off,ATL
0627,Carolina,Panthers,Off,CAR
0628,Los Angeles,Rams,Off,RAM
0629,New Orleans,Saints,Off,NOS
0630,San Francisco,49ers,Off,SFO
0631,Baltimore,Ravens,Off,BAL
0632,Houston,Texans,Off,HOU
0651,Buffalo,Bills,TMQB,BUF
0652,Indianapolis,Colts,TMQB,IND
0653,Miami,Dolphins,TMQB,MIA
0654,New England,Patriots,TMQB,NEP
0655,New York,Jets,TMQB,NYJ
0656,Cincinnati,Bengals,TMQB,CIN
0657,Cleveland,Browns,TMQB,CLE
0658,Tennessee,Titans,TMQB,TEN
0659,Jacksonville,Jaguars,TMQB,JAC
0660,Pittsburgh,Steelers,TMQB,PIT
0661,Denver,Broncos,TMQB,DEN
0662,Kansas City,Chiefs,TMQB,KCC
0663,Oakland,Raiders,TMQB,OAK
0664,San Diego,Chargers,TMQB,SDC
0665,Seattle,Seahawks,TMQB,SEA
0666,Dallas,Cowboys,TMQB,DAL
0667,New York,Giants,TMQB,NYG
0668,Philadelphia,Eagles,TMQB,PHI
0669,Arizona,Cardinals,TMQB,ARI
0670,Washington,Redskins,TMQB,WAS
0671,Chicago,Bears,TMQB,CHI
0672,Detroit,Lions,TMQB,DET
0673,Green Bay,Packers,TMQB,GBP
0674,Minnesota,Vikings,TMQB,MIN
0675,Tampa Bay,Buccaneers,TMQB,TBB
0676,Atlanta,Falcons,TMQB,ATL
0677,Carolina,Panthers,TMQB,CAR
0678,Los Angeles,Rams,TMQB,RAM
0679,New Orleans,Saints,TMQB,NOS
0680,San Francisco,49ers,TMQB,SFO
0681,Baltimore,Ravens,TMQB,BAL
0682,Houston,Texans,TMQB,HOU
0701,Buffalo,Bills,TMPK,BUF
0702,Indianapolis,Colts,TMPK,IND
0703,Miami,Dolphins,TMPK,MIA
0704,New England,Patriots,TMPK,NEP
0705,New York,Jets,TMPK,NYJ
0706,Cincinnati,Bengals,TMPK,CIN
0707,Cleveland,Browns,TMPK,CLE
0708,Tennessee,Titans,TMPK,TEN
0709,Jacksonville,Jaguars,TMPK,JAC
0710,Pittsburgh,Steelers,TMPK,PIT
0711,Denver,Broncos,TMPK,DEN
0712,Kansas City,Chiefs,TMPK,KCC
0713,Oakland,Raiders,TMPK,OAK
0714,San Diego,Chargers,TMPK,SDC
0715,Seattle,Seahawks,TMPK,SEA
0716,Dallas,Cowboys,TMPK,DAL
0717,New York,Giants,TMPK,NYG
0718,Philadelphia,Eagles,TMPK,PHI
0719,Arizona,Cardinals,TMPK,ARI
0720,Washington,Redskins,TMPK,WAS
0721,Chicago,Bears,TMPK,CHI
0722,Detroit,Lions,TMPK,DET
0723,Green Bay,Packers,TMPK,GBP
0724,Minnesota,Vikings,TMPK,MIN
0725,Tampa Bay,Buccaneers,TMPK,TBB
0726,Atlanta,Falcons,TMPK,ATL
0727,Carolina,Panthers,TMPK,CAR
0728,Los Angeles,Rams,TMPK,RAM
0729,New Orleans,Saints,TMPK,NOS
0730,San Francisco,49ers,TMPK,SFO
0731,Baltimore,Ravens,TMPK,BAL
0732,Houston,Texans,TMPK,HOU
0751,Buffalo,Bills,TMPN,BUF
0752,Indianapolis,Colts,TMPN,IND
0753,Miami,Dolphins,TMPN,MIA
0754,New England,Patriots,TMPN,NEP
0755,New York,Jets,TMPN,NYJ
0756,Cincinnati,Bengals,TMPN,CIN
0757,Cleveland,Browns,TMPN,CLE
0758,Tennessee,Titans,TMPN,TEN
0759,Jacksonville,Jaguars,TMPN,JAC
0760,Pittsburgh,Steelers,TMPN,PIT
0761,Denver,Broncos,TMPN,DEN
0762,Kansas City,Chiefs,TMPN,KCC
0763,Oakland,Raiders,TMPN,OAK
0764,San Diego,Chargers,TMPN,SDC
0765,Seattle,Seahawks,TMPN,SEA
0766,Dallas,Cowboys,TMPN,DAL
0767,New York,Giants,TMPN,NYG
0768,Philadelphia,Eagles,TMPN,PHI
0769,Arizona,Cardinals,TMPN,ARI
0770,Washington,Redskins,TMPN,WAS
0771,Chicago,Bears,TMPN,CHI
0772,Detroit,Lions,TMPN,DET
0773,Green Bay,Packers,TMPN,GBP
0774,Minnesota,Vikings,TMPN,MIN
0775,Tampa Bay,Buccaneers,TMPN,TBB
0776,Atlanta,Falcons,TMPN,ATL
0777,Carolina,Panthers,TMPN,CAR
0778,Los Angeles,Rams,TMPN,RAM
0779,New Orleans,Saints,TMPN,NOS
0780,San Francisco,49ers,TMPN,SFO
0781,Baltimore,Ravens,TMPN,BAL
0782,Houston,Texans,TMPN,HOU
1114,Tom,Coughlin,Coach,FA
1238,Jason,Garrett,Coach,DAL
1276,Jim,Harbaugh,Coach,FA
1395,Pete,Carroll,Coach,SEA
1534,Jeff,Fisher,Coach,FA
1600,Malcom,Floyd,WR,FA
1716,Ken,Whisenhunt,Coach,FA
1857,Anthony,Lynn,Coach,SDC
2198,Jack,Del Rio,Coach,OAK
2619,Vance,Joseph,Coach,DEN
2842,Adam,Vinatieri,PK,IND
3144,Doug,Pederson,Coach,PHI
3291,Peyton,Manning,QB,FA
3294,Charles,Woodson,S,FA
3309,Randy,Moss,WR,FA
3445,Matt,Hasselbeck,QB,FA
3494,Phil,Dawson,PK,SFO
3622,Andy,Reid,Coach,KCC
3649,Mike,Mularkey,Coach,TEN
3673,Gary,Kubiak,Coach,FA
4397,Roosevelt,Nix,RB,PIT
4883,Jay,Feely,PK,FA
4891,Michael,Vick,QB,FA
4923,Reggie,Wayne,WR,FA
4925,Drew,Brees,QB,NOS
4974,Steve,Smith,WR,FA
5646,Bill,Belichick,Coach,NEP
5666,Sebastian,Janikowski,PK,OAK
5791,Shane,Lechler,PN,HOU
5848,Tom,Brady,QB,NEP
6475,Shayne,Graham,PK,FA
6510,Julius,Peppers,LB,GBP
6519,Dwight,Freeney,DE,ATL
6589,Josh,McCown,QB,CLE
6770,John,Fox,Coach,CHI
6776,Billy,Cundiff,PK,FA
6789,Matt,Bryant,PK,ATL
6928,Marvin,Lewis,Coach,CIN
6929,Carson,Palmer,QB,ARI
6931,Andre,Johnson,WR,FA
6933,Terence,Newman,CB,MIN
6937,Kevin,Williams,DT,FA
6938,Terrell,Suggs,LB,BAL
6946,Calvin,Pace,LB,NYJ
6963,Charles,Tillman,CB,FA
6967,Rashean,Mathis,CB,FA
6982,Anquan,Boldin,WR,DET
6994,Cory,Redding,DE,FA
6997,Jason,Witten,TE,DAL
7066,Robert,Mathis,LB,IND
7077,Mike,Scifres,PN,FA
7150,Josh,Brown,PK,FA
7194,Shaun,Hill,QB,MIN
7231,James,Harrison,LB,PIT
7236,Antonio,Gates,TE,SDC
7260,Tony,Romo,QB,DAL
7268,Colin,Cole,DT,FA
7286,Chris,Clemons,DE,FA
7388,Lovie,Smith,Coach,FA
7391,Eli,Manning,QB,NYG
7393,Larry,Fitzgerald,WR,ARI
7394,Philip,Rivers,QB,SDC
7398,Deangelo,Hall,S,WAS
7401,Ben,Roethlisberger,QB,PIT
7411,Vince,Wilfork,DT,HOU
7414,Steven,Jackson,RB,NEP
7417,Jason,Babin,LB,FA
7422,Ben,Watson,TE,BAL
7423,Karlos,Dansby,LB,CIN
7429,Daryl,Smith,LB,TBB
7441,Dwan,Edwards,DT,FA
7461,Randy,Starks,DE,FA
7480,Matt,Schaub,QB,ATL
7496,Luke,McCown,QB,NOS
7498,Jerricho,Cotchery,WR,FA
7501,Will,Allen,S,FA
7516,Jared,Allen,DE,FA
7525,Antonio,Smith,DE,HOU
7527,Josh,Scobee,PK,FA
7578,Andy,Lee,PN,CAR
7614,Donnie,Jones,PN,PHI
7653,Wes,Welker,WR,RAM
7665,Cullen,Jenkins,DE,WAS
7757,Mike,Adams,S,IND
7813,Alex,Smith,QB,KCC
7818,Adam,Jones,CB,CIN
7820,Antrel,Rolle,S,FA
7823,Demarcus,Ware,LB,DEN
7826,Thomas,Davis,LB,CAR
7827,Derrick,Johnson,LB,KCC
7836,Aaron,Rodgers,QB,GBP
7839,Roddy,White,WR,FA*
7842,Heath,Miller,TE,FA
7859,Mike,Nugent,PK,FA
7871,Jonathan,Babineaux,DT,ATL
7873,Vincent,Jackson,WR,TBB
7877,Frank,Gore,RB,IND
7883,Alex,Smith,TE,WAS
7886,Justin,Tuck,DE,FA
7911,Dustin,Colquitt,PN,KCC
7942,Darren,Sproles,RB,PHI
7944,Chris,Canty,DE,FA
7957,Dan,Orlovsky,QB,DET
7958,Trent,Cole,LB,IND
8003,C.J.,Mosley,DT,FA
8025,Derek,Anderson,QB,CAR
8036,Jay,Ratliff,DT,FA
8042,Matt,Cassel,QB,TEN
8062,Ryan,Fitzpatrick,QB,NYJ
8072,Josh,Cribbs,WR,FA
8117,Nate,Washington,WR,FA
8144,Nick,Novak,PK,HOU
8153,Robbie,Gould,PK,NYG
8160,Shaun,Suisham,PK,FA
8178,Lance,Moore,WR,FA
8235,Mike,McCarthy,Coach,GBP
8237,Sean,Payton,Coach,NOS
8242,Mario,Williams,DE,MIA
8243,Reggie,Bush,RB,BUF
8246,A.J.,Hawk,LB,FA
8247,Vernon,Davis,TE,WAS
8249,Donte,Whitner,S,WAS
8252,Jay,Cutler,QB,CHI
8253,Haloti,Ngata,DT,DET
8258,Chad,Greenway,LB,MIN
8260,Antonio,Cromartie,CB,FA
8261,Tamba,Hali,LB,KCC
8263,Manny,Lawson,LB,FA
8265,Johnathan,Joseph,CB,HOU
8268,DeAngelo,Williams,RB,PIT
8269,Marcedes,Lewis,TE,JAC
8274,DeMeco,Ryans,LB,FA
8275,D'Qwell,Jackson,LB,IND
8284,Roman,Harper,S,NOS
8290,Kellen,Clemens,QB,SDC
8293,Greg,Jennings,WR,FA
8294,Anthony,Fasano,TE,TEN
8298,Devin,Hester,WR,SEA
8303,Tim,Jennings,CB,FA
8304,Darryl,Tapp,DE,NOS
8305,Tarvaris,Jackson,QB,FA
8322,Charlie,Whitehurst,QB,FA
8323,Derek,Hagan,WR,FA
8329,James,Anderson,LB,NOS
8332,Frostee,Rucker,DE,ARI
8333,Jason,Hatcher,DE,FA
8339,Owen,Daniels,TE,FA
8350,Jason,Avant,WR,KCC
8356,Will,Blackmon,S,WAS
8357,Stephen,Tulloch,LB,PHI
8359,Stephen,Gostkowski,PK,NEP
8360,Brandon,Marshall,WR,NYJ
8364,Domata,Peko,DT,CIN
8365,Barry,Cofield,DT,NYG
8367,Elvis,Dumervil,LB,BAL
8375,Kyle,Williams,DE,BUF
8376,Rob,Ninkovich,DE,NEP
8387,Dawan,Landry,S,FA
8416,Delanie,Walker,TE,TEN
8432,Jeremy,Mincey,DE,FA
8435,Bruce,Gradkowski,QB,PIT
8437,Kedric,Golston,DT,WAS
8444,Sam,Koch,PN,BAL
8448,Antoine,Bethea,S,SFO
8456,Cortland,Finnegan,CB,FA
8493,Marques,Colston,WR,FA
8497,Ahmad,Brooks,LB,SFO
8501,Jon,Ryan,PN,SEA
8510,Miles,Austin,WR,FA
8532,Daniel,Fells,TE,NYG
8548,Tony,McDaniel,DT,SEA
8562,Steve,Weatherford,PN,FA
8590,John,Kuhn,RB,NOS
8595,Stephen,Bowen,DE,FA
8653,Mike,Tomlin,Coach,PIT
8657,Calvin,Johnson,WR,FA
8658,Adrian,Peterson,RB,MIN
8661,Alan,Branch,DT,NEP
8662,Darrelle,Revis,CB,NYJ
8664,LaRon,Landry,S,FA
8667,Dwayne,Bowe,WR,FA
8668,Reggie,Nelson,S,OAK
8669,Paul,Posluszny,LB,JAC
8670,Marshawn,Lynch,RB,FA*
8673,Ted,Ginn Jr.,WR,CAR
8674,Leon,Hall,CB,NYG
8677,Charles,Johnson,DE,CAR
8678,Brandon,Meriweather,S,NYG
8684,Lawrence,Timmons,LB,PIT
8686,Michael,Griffin,S,CAR
8687,Greg,Olsen,TE,CAR
8689,LaMarr,Woodley,LB,FA
8696,Josh,Wilson,CB,DET
8697,David,Harris,LB,NYJ
8712,Drew,Stanton,QB,ARI
8713,Eric,Weddle,S,BAL
8715,Jon,Beason,LB,FA
8721,Brandon,Mebane,DT,SDC
8735,Scott,Chandler,TE,FA
8736,Matt,Spaeth,TE,FA
8741,Tarell,Brown,CB,NEP
8742,Mason,Crosby,PK,GBP
8762,Justin,Durant,LB,DAL
8772,Jacoby,Jones,WR,FA
8776,James,Jones,WR,FA
8787,Brian,Robison,DE,MIN
8791,Paul,Soliai,DT,CAR
8807,Dashon,Goldson,S,ATL
8838,Brent,Celek,TE,PHI
8843,Corey,Graham,S,BUF
8845,William,Gay,CB,PIT
8851,Nick,Folk,PK,NYJ
8864,Desmond,Bishop,LB,FA
8891,Trumaine,McBride,CB,NYG
8894,Brandon,Fields,PN,FA
8905,Alan,Ball,CB,FA
8910,Clark,Harris,TE,CIN
8917,Ahmad,Bradshaw,RB,FA
8930,Matt,Prater,PK,DET
8931,Pierre,Thomas,RB,FA
8934,Fred,Jackson,RB,FA
8944,Matt,Moore,QB,MIA
8951,Lorenzo,Alexander,LB,BUF
8958,Tramon,Williams,CB,CLE
8975,Craig,Dahl,S,NYG
8982,Mike,Devito,DE,FA
9004,Jason,Trusnik,LB,NOS
9028,Brent,Grimes,CB,TBB
9037,Tony,Sparano,Coach,FA
9038,Mike,Smith,Coach,FA
9041,Cliff,Avril,DE,SEA
9044,Martellus,Bennett,TE,NEP
9049,Red,Bryant,DE,FA
9050,Andre,Caldwell,WR,DET
9051,Calais,Campbell,DE,ARI
9054,Jamaal,Charles,RB,KCC
9058,Fred,Davis,TE,FA
9060,Glenn,Dorsey,DE,SFO
9064,Joe,Flacco,QB,BAL
9066,Charles,Godfrey,S,FA
9068,Quentin,Groves,LB,FA
9072,Erin,Henderson,LB,NYJ
9073,Chad,Henne,QB,JAC
9075,DeSean,Jackson,WR,WAS
9077,Mike,Jenkins,CB,ARI
9078,Chris,Johnson,RB,ARI
9083,Curtis,Lofton,LB,FA
9084,Chris,Long,DE,NEP
9086,Jerod,Mayo,LB,FA
9087,Darren,McFadden,RB,DAL
9088,Leodis,McKelvin,CB,PHI
9092,Tracy,Porter,CB,CHI
9094,Ray,Rice,RB,FA
9097,Dominique,Rodgers-Cromartie,CB,NYG
9099,Matt,Ryan,QB,ATL
9101,Jonathan,Stewart,RB,CAR
9103,Aqib,Talib,CB,DEN
9104,Philip,Wheeler,LB,ATL
9117,Brandon,Flowers,CB,SDC
9118,Jordy,Nelson,WR,GBP
9120,Eddie,Royal,WR,CHI
9122,Matt,Forte,RB,NYJ
9124,Jerome,Simpson,WR,FA
9126,Jason,Jones,DE,FA
9134,Kendall,Langford,DE,IND
9139,Pat,Sims,DT,CIN
9144,Harry,Douglas,WR,TEN
9145,Craig,Stevens,TE,FA
9154,Tyvon,Branch,S,ARI
9156,William,Hayes,DE,RAM
9164,Dwight,Lowery,S,SDC
9168,Quintin,Demps,S,HOU
9176,Jacob,Tamme,TE,ATL
9188,Brandon,Carr,CB,DAL
9189,Gary,Barnidge,TE,CLE
9190,Zackary,Bowman,CB,FA
9191,Orlando,Scandrick,CB,DAL
9193,Jerome,Felton,RB,BUF
9196,Tim,Hightower,RB,NOS
9199,Letroy,Guion,DT,GBP
9200,Matt,Slater,WR,NEP
9201,Kroy,Biermann,LB,FA
9205,Kellen,Davis,TE,FA
9207,Josh,Johnson,QB,NYG
9214,Erik,Walden,LB,IND
9228,Nick,Hayden,DE,FA
9236,Ahtyba,Rubin,DT,SEA
9240,Ryan,Mundy,S,CHI
9245,Joe,Mays,LB,FA
9250,Pierre,Garcon,WR,WAS
9254,Matt,Flynn,QB,NOS
9269,Stevie,Johnson,WR,SDC
9274,Cary,Williams,CB,WAS
9278,Justin,Forsett,RB,DEN
9298,John,Harbaugh,Coach,BAL
9299,Dan,Carpenter,PK,BUF
9307,Connor,Barth,PK,CHI
9308,Danny,Amendola,WR,NEP
9310,Brett,Kern,PN,TEN
9315,Mike,Tolbert,RB,CAR
9317,David,Hawthorne,LB,FA
9319,Steven,Hauschka,PK,SEA
9325,Jo-Lonn,Dunbar,LB,FA
9330,Wesley,Woodyard,LB,TEN
9332,Husain,Abdullah,S,FA
9336,Jameel,McClain,LB,FA
9345,Danny,Lansanah,LB,FA
9360,Garrett,Hartley,PK,FA
9363,James,Ihedigbo,S,BUF
9367,Wallace,Gilberry,DE,CIN
9383,Eric,Weems,WR,ATL
9404,Leger,Douzable,DE,BUF
9421,Jim,Caldwell,Coach,DET
9425,Cameron,Wake,DE,MIA
9426,Rex,Ryan,Coach,FA
9427,Michael,Crabtree,WR,OAK
9429,Mark,Sanchez,QB,DAL
9430,Malcolm,Jenkins,S,PHI
9431,Matthew,Stafford,QB,DET
9433,B.J.,Raji,DT,FA
9434,Rey,Maualuga,LB,CIN
9435,Brian,Orakpo,LB,TEN
9436,Jeremy,Maclin,WR,KCC
9437,Knowshon,Moreno,RB,FA
9438,Vontae,Davis,CB,IND
9439,James,Laurinaitis,LB,FA
9441,Percy,Harvin,WR,BUF
9442,Michael,Johnson,DE,CIN
9444,Brandon,Pettigrew,TE,FA
9446,Brian,Cushing,LB,HOU
9448,LeSean,McCoy,RB,BUF
9449,William,Moore,S,FA
9450,Hakeem,Nicks,WR,FA
9451,Sean,Smith,CB,OAK
9452,Darrius,Heyward-Bey,WR,PIT
9453,Tyson,Jackson,DT,ATL
9454,Chase,Coffman,TE,IND
9456,Donald,Brown,RB,FA
9460,Josh,Freeman,QB,FA
9461,Darius,Butler,CB,IND
9464,Clay,Matthews,LB,GBP
9465,Patrick,Chung,S,NEP
9466,Dannell,Ellerbe,LB,NOS
9467,Kenny,Britt,WR,RAM
9470,Louis,Delmas,S,MIA
9474,Jared,Cook,TE,GBP
9475,Evander,Hood,DE,WAS
9478,Sen'Derrick,Marks,DT,JAC
9480,James,Casey,TE,FA
9485,Robert,Ayers,DE,TBB
9492,Jairus,Byrd,S,NOS
9494,Connor,Barwin,DE,PHI
9495,Michael,Mitchell,S,PIT
9502,Paul,Kruger,DE,NOS
9508,Bradley,Fletcher,CB,FA
9513,Terrance,Knighton,DT,FA
9517,DeAndre,Levy,LB,DET
9522,Roy,Miller,DT,JAC
9524,Brandon,Tate,WR,BUF
9525,Mike,Wallace,WR,BAL
9529,Lardarius,Webb,S,BAL
9530,Chris,Owens,CB,NOS
9532,Jerraud,Powers,CB,BAL
9535,Rashad,Johnson,S,TEN
9536,Keenan,Lewis,CB,FA
9542,Henry,Melton,DE,FA
9545,Brian,Hartline,WR,FA
9549,Glover,Quin,S,DET
9551,David,Bruton,S,FA
9552,Sammie Lee,Hill,DT,FA
9560,Louis,Murphy,WR,FA
9567,Greg,Toler,CB,WAS
9577,Kevin,Huber,PN,CIN
9585,Jasper,Brinkley,LB,FA
9596,Thomas,Morstead,PN,NOS
9597,Chris,Clemons,LB,FA
9608,Don,Carey,S,DET
9611,Zach,Miller,TE,CHI
9613,Jarius,Wynn,DT,FA
9615,Bear,Pascoe,TE,NEP
9616,Cedric,Peerman,RB,CIN
9619,Brice,McCain,CB,TEN
9625,Brandon,Gibson,WR,NEP
9632,Brandon,Myers,TE,TBB
9633,Jason,McCourty,CB,TEN
9638,John,Phillips,TE,NOS
9640,Vance,Walker,DE,DEN
9646,Captain,Munnerlyn,CB,MIN
9647,E.J.,Biggers,CB,FA
9648,Brad,Jones,LB,FA
9652,Pat,McAfee,PN,FA
9661,Jamarca,Sanford,S,NOS
9662,Julian,Edelman,WR,NEP
9671,David,Johnson,TE,PIT
9674,Ricky,Jean-Francois,DT,WAS
9679,Clinton,McDonald,DT,TBB
9680,Rashad,Jennings,RB,NYG
9686,Ryan,Succop,PK,TEN
9690,Arian,Foster,RB,FA
9693,Danny,Woodhead,RB,SDC
9694,Graham,Gano,PK,CAR
9700,Kevin,Ogletree,WR,FA
9706,Chase,Daniel,QB,PHI
9712,Britton,Colquitt,PN,CLE
9714,Brian,Hoyer,QB,CHI
9718,Seyi,Ajirotutu,WR,PHI
9719,Matthew,Mulligan,TE,DET
9725,Desmond,Bryant,DE,CLE
9729,Ramon,Humber,LB,BUF
9735,Chris,Baker,DE,WAS
9740,Ropati,Pitoitua,DE,FA
9742,Jonathan,Casillas,LB,NYG
9743,Kyle,Arrington,CB,BAL
9749,Michael,Bennett,DE,SEA
9757,Dan,Skuta,LB,JAC
9783,Jordan,Norwood,WR,DEN
9802,Marcel,Reece,RB,SEA
9815,Ndamukong,Suh,DT,MIA
9816,Eric,Berry,S,KCC
9817,Sam,Bradford,QB,MIN
9818,Jimmy,Clausen,QB,FA
9819,Gerald,McCoy,DT,TBB
9820,Joe,Haden,CB,CLE
9821,Rolando,McClain,LB,DAL
9822,C.J.,Spiller,RB,FA
9823,Dez,Bryant,WR,DAL
9824,Derrick,Morgan,LB,TEN
9825,Carlos,Dunlap,DE,CIN
9826,Brandon,Graham,DE,PHI
9827,Taylor,Mays,S,FA
9828,Everson,Griffen,DE,MIN
9829,Earl,Thomas,S,SEA
9831,Golden,Tate,WR,DET
9832,Dan,Williams,DT,OAK
9833,Jason,Pierre-Paul,DE,NYG
9835,Sean,Weatherspoon,LB,ATL
9838,Jermaine,Gresham,TE,ARI
9840,Navorro,Bowman,LB,SFO
9841,Patrick,Robinson,CB,IND
9842,Jared,Odrick,DE,JAC
9843,Brandon,LaFell,WR,CIN
9844,Brandon,Spikes,LB,BUF
9846,Devin,McCourty,S,NEP
9847,Greg,Hardy,DE,FA
9848,Kyle,Wilson,CB,NOS
9850,Daryl,Washington,LB,ARI
9851,Ryan,Mathews,RB,PHI
9853,Jerry,Hughes,LB,BUF
9856,Dexter,McCluster,RB,SDC
9857,Nate,Allen,S,OAK
9859,Arrelious,Benn,WR,JAC
9861,Kareem,Jackson,CB,HOU
9862,Tim,Tebow,QB,FA
9864,Morgan,Burnett,S,GBP
9866,Sean,Lee,LB,DAL
9868,Geno,Atkins,DT,CIN
9869,Larry,Asante,S,FA
9871,George,Selvie,DE,NYG
9875,Tyson,Alualu,DE,JAC
9877,T.J.,Ward,S,DEN
9879,Koa,Misi,LB,MIA
9880,Toby,Gerhart,RB,FA
9881,Eric,Decker,WR,NYJ
9882,Willie,Young,LB,CHI
9884,Demaryius,Thomas,WR,DEN
9886,Darrell,Stuckey,S,SDC
9893,Perrish,Cox,CB,SEA
9898,LeGarrette,Blount,RB,NEP
9899,Colt,McCoy,QB,WAS
9902,Rob,Gronkowski,TE,NEP
9903,Lamarr,Houston,LB,CHI
9904,Linval,Joseph,DT,MIN
9906,Mike,Neal,LB,FA
9907,Ben,Tate,RB,FA
9912,Ed,Dickson,TE,CAR
9913,Alex,Carrington,DT,FA
9915,Major,Wright,S,FA
9916,Donald,Butler,LB,MIA
9917,Earl,Mitchell,DT,MIA
9918,Emmanuel,Sanders,WR,DEN
9919,Corey,Peters,DT,ARI
9921,Andre,Roberts,WR,DET
9924,Tony,Moeaki,TE,FA
9925,Jimmy,Graham,TE,SEA
9927,Mike,Williams,WR,FA
9929,Perry,Riley,LB,OAK
9930,Alterraun,Verner,CB,TBB
9931,Marcus,Easley,WR,BUF
9932,Walter,Thurmond,S,FA
9933,Dennis,Pitta,TE,BAL
9936,Garrett,Graham,TE,DEN
9940,Al,Woods,DT,TEN
9941,Clay,Harbor,TE,DET
9944,O'Brien,Schofield,DE,ATL
9946,Michael,Hoomanawanui,TE,NOS
9947,Kam,Chancellor,S,SEA
9948,Kendrick,Lewis,S,BAL
9954,Nolan,Carroll,CB,PHI
9955,Cam,Thomas,DT,RAM
9960,Andrew,Quarless,TE,FA
9963,Art,Jones,DE,IND
9964,Riley,Cooper,WR,FA
9966,Reshad,Jones,S,MIA
9967,Crezdon,Butler,CB,DET
9975,Anthony,Dixon,RB,FA
9978,Arthur,Moats,LB,PIT
9982,Anthony,McCoy,TE,FA
9984,Eugene,Sims,DE,RAM
9987,James,Starks,RB,GBP
9988,Antonio,Brown,WR,PIT
9992,Joe,Webb,QB,CAR
10005,Dekoda,Watson,LB,DEN
10009,Marc,Mariani,WR,TEN
10011,Phillip,Adams,CB,FA
10013,C.J.,Wilson,DT,CHI
10015,Jim,Dray,TE,SFO
10016,Sean,Lissemore,DT,SDC
10020,Ricardo,Mathews,DE,PIT
10022,Kavell,Conner,LB,FA
10026,Kurt,Coleman,S,CAR
10031,Robert,McClain,CB,SDC
10048,Joique,Bell,RB,DET
10063,Chris,Maragos,S,PHI
10067,Antone,Smith,RB,TBB
10074,Barry,Church,S,DAL
10077,Chris,Ivory,RB,JAC
10080,Victor,Cruz,WR,NYG
10082,Danario,Alexander,WR,FA
10084,Sam,Shields,CB,GBP
10088,Marlon,Moore,WR,FA
10090,Tim,Masthay,PN,FA
10097,Thaddeus,Lewis,QB,SFO
10099,Frank,Zombo,LB,KCC
10103,Sherrick,McManis,CB,CHI
10106,Junior,Galette,LB,WAS
10109,Preston,Parker,WR,FA
10110,Darrel,Young,RB,CAR
10111,Kyle,Love,DT,CAR
10112,Danny,McCray,S,DAL
10118,Cassius,Vaughn,CB,FA
10122,Darian,Stewart,S,DEN
10123,Logan,Paulsen,TE,CHI
10139,Jeff,Cumberland,TE,SDC
10143,Steve,Mclendon,DT,NYJ
10149,Tramaine,Brock,CB,SFO
10151,Jermelle,Cudjo,DT,NYG
10178,Sergio,Brown,S,BUF
10186,Josh,Mauga,LB,KCC
10198,Colt,Anderson,S,BUF
10220,Andrew,Sendejo,S,MIN
10224,Vincent,Rey,LB,CIN
10228,George,Johnson,DE,TBB
10233,Teddy,Williams,CB,CAR
10235,Tony,Carter,CB,FA
10241,Will,Tukuafu,RB,SEA
10243,Jim,Tomsula,Coach,FA
10244,Rafael,Bush,S,DET
10250,Marcus,Sherels,CB,MIN
10253,Ron,Rivera,Coach,CAR
10254,Pat,Shurmer,Coach,FA
10255,Hue,Jackson,Coach,CLE
10258,Nick,Fairley,DT,NOS
10259,Da'Quan,Bowers,DT,FA
10260,Patrick,Peterson,CB,ARI
10261,A.J.,Green,WR,CIN
10262,Blaine,Gabbert,QB,SFO
10263,Adrian,Clayborn,DE,ATL
10264,Prince,Amukamara,CB,JAC
10265,Marcell,Dareus,DT,BUF
10266,Cameron,Heyward,DE,PIT
10267,Von,Miller,LB,DEN
10268,Ryan,Mallett,QB,BAL
10269,Robert,Quinn,DE,RAM
10270,Stephen,Paea,DT,CLE
10271,Julio,Jones,WR,ATL
10272,J.J.,Watt,DE,HOU
10273,Cam,Newton,QB,CAR
10274,Aldon,Smith,LB,OAK
10275,Allen,Bailey,DE,KCC
10276,Mark,Ingram,RB,NOS
10277,Justin,Houston,LB,KCC
10278,Ras-I,Dowling,S,FA
10280,Ryan,Kerrigan,LB,WAS
10282,Akeem,Ayers,LB,IND
10284,Jared,Crick,DE,DEN
10285,Corey,Liuget,DE,SDC
10289,Torrey,Smith,WR,SFO
10291,Phillip,Hunt,DE,FA
10292,Cameron,Jordan,DE,NOS
10294,Jimmy,Smith,CB,BAL
10295,Aaron,Williams,S,BUF
10296,Christian,Ponder,QB,SFO
10297,Colin,Kaepernick,QB,SFO
10298,Ryan,Williams,RB,FA
10299,Daniel,Thomas,RB,FA
10300,Jacquizz,Rodgers,RB,TBB
10301,Jordan,Todman,RB,IND
10302,DeMarco,Murray,RB,TEN
10303,Shane,Vereen,RB,NYG
10305,Kendall,Hunter,RB,NOS
10307,Leonard,Hankerson,WR,FA
10308,Randall,Cobb,WR,GBP
10312,Kyle,Rudolph,TE,MIN
10313,Andy,Dalton,QB,CIN
10314,Muhammad,Wilkerson,DE,NYJ
10315,Brooks,Reed,DE,ATL
10318,Lance,Kendricks,TE,RAM
10319,Phil,Taylor,DT,WAS
10320,Jabaal,Sheard,DE,NEP
10321,Bruce,Carter,LB,NYJ
10322,Jarvis,Jenkins,DE,KCC
10323,Rahim,Moore,S,NYG
10324,Marcus,Gilchrist,S,NYJ
10326,Jaiquawn,Jarrett,S,FA
10329,Terrell,McClain,DT,DAL
10331,Nate,Irving,LB,FA
10332,Kelvin,Sheppard,LB,NYG
10333,Robert,Housler,TE,NEP
10334,Stevan,Ridley,RB,FA
10335,Jurrell,Casey,DE,TEN
10336,Chris,Culliver,CB,MIA
10338,Vincent,Brown,WR,FA
10339,Mason,Foster,LB,WAS
10341,Shareece,Wright,CB,BAL
10343,Akeem,Dent,LB,HOU
10344,Chris,Conte,S,TBB
10345,Kenrick,Ellis,DT,FA
10350,K.J.,Wright,LB,SEA
10351,Da'Norris,Searcy,S,TEN
10352,Jordan,Cameron,TE,MIA
10353,Sam,Acho,LB,CHI
10354,Luke,Stocker,TE,TBB
10355,Roy,Helu,RB,FA
10360,Greg,Salas,WR,BUF
10361,Chimdi,Chekwa,CB,MIA
10362,Cecil,Shorts,WR,TBB
10363,Casey,Matthews,LB,MIN
10364,Jalil,Brown,CB,IND
10365,Alex,Henery,PK,FA
10366,Chris,Prosinski,S,CHI
10368,Taiwan,Jones,RB,OAK
10369,Bilal,Powell,RB,NYJ
10371,Cortez,Allen,CB,FA
10372,Julius,Thomas,TE,JAC
10374,Davon,House,CB,JAC
10378,Anthony,Sherman,RB,KCC
10379,Buster,Skrine,CB,NYJ
10383,Karl,Klug,DE,TEN
10384,Josh,Thomas,CB,DAL
10385,Shiloh,Keo,S,NOS
10388,Denarius,Moore,WR,FA
10389,Dion,Lewis,RB,NEP
10391,T.J.,Yates,QB,MIA
10392,Jeremy,Kerley,WR,SFO
10393,Richard,Sherman,CB,SEA
10394,Niles,Paul,TE,WAS
10398,Lee,Smith,TE,OAK
10400,Chris,Carter,LB,IND
10402,Pernell,McPhee,LB,CHI
10408,Byron,Maxwell,CB,MIA
10409,Charles,Clay,TE,BUF
10410,Dwayne,Harris,WR,NYG
10412,Aldrick,Robinson,WR,ATL
10413,Tyrod,Taylor,QB,BUF
10419,Allen,Bradford,LB,FA
10421,Mike,Mohamed,LB,FA
10422,Colin,Jones,S,CAR
10423,Matt,Bosher,PN,ATL
10426,J.T.,Thomas,LB,NYG
10432,Virgil,Green,TE,DEN
10437,Bruce,Miller,TE,FA
10454,Cliff,Matthews,DE,FA
10455,Frank,Kearse,DT,FA
10457,Lawrence,Guy,DE,BAL
10458,Andrew,Gachkar,LB,DAL
10459,Jimmy,Wilson,S,CIN
10464,David,Ausberry,TE,FA
10465,Malcolm,Smith,LB,OAK
10478,Will,Hill,S,FA
10486,Ian,Williams,DT,FA
10487,Kai,Forbath,PK,MIN
10488,Mark,Herzlich,LB,NYG
10489,Jerrod,Johnson,QB,DAL
10496,Ricardo,Lockette,WR,FA
10498,Scott,Tolzien,QB,IND
10500,Terrelle,Pryor,WR,CLE
10506,Dan,Bailey,PK,DAL
10514,Nick,Bellore,LB,SFO
10516,Bryan,Walters,WR,JAC
10517,Joseph,Morgan,WR,FA
10524,Brandon,Browner,S,FA
10527,Doug,Baldwin,WR,SEA
10529,Spencer,Paysinger,LB,MIA
10530,DuJuan,Harris,RB,SFO
10534,Jamari,Lattimore,LB,BUF
10540,Tom,Johnson,DT,MIN
10541,Isa,Abdul-Quddus,S,MIA
10542,Bryan,Braman,LB,PHI
10546,Jeron,Johnson,S,SEA
10549,Albert,McClellan,LB,BAL
10551,Richie,Brockel,TE,FA
10552,Tyler,Clutts,RB,FA
10554,Mario,Addison,DE,CAR
10560,Mitch,Unrein,DE,CHI
10572,Brandon,Bair,DE,FA
10575,Darrin,Walls,CB,FA
10585,Justin,Trattou,DE,MIN
10586,Demarcus,Dobbs,DT,FA
10592,Chris,Harris,CB,DEN
10601,Andrew,Hawkins,WR,CLE
10610,Ron,Parker,S,KCC
10626,Sterling,Moore,CB,NOS
10632,Corbin,Bryant,DT,BUF
10642,Chris,Jones,PN,DAL
10651,Kamar,Aiken,WR,BAL
10653,Josh,Bynes,LB,DET
10671,Todd,Bowles,Coach,NYJ
10674,Andre,Holmes,WR,OAK
10675,Cedric,Thornton,DT,DAL
10676,Michael,Morgan,LB,SEA
10689,Shaun,Draughn,RB,SFO
10693,Dennis,Allen,Coach,FA
10694,Joe,Philbin,Coach,FA
10695,Andrew,Luck,QB,IND
10696,Robert,Griffin III,QB,CLE
10697,Ryan,Tannehill,QB,MIA
10698,Brandon,Weeden,QB,HOU
10699,Nick,Foles,QB,KCC
10700,Kirk,Cousins,QB,WAS
10701,Kellen,Moore,QB,DAL
10702,Brock,Osweiler,QB,HOU
10703,Russell,Wilson,QB,SEA
10705,Ryan,Lindley,QB,FA
10706,Trent,Richardson,RB,FA
10708,Lamar,Miller,RB,HOU
10709,Doug,Martin,RB,TBB
10710,Chris,Polk,RB,HOU
10711,LaMichael,James,RB,FA
10713,Bernard,Pierce,RB,DEN
10714,Robert,Turbin,RB,IND
10715,Vick,Ballard,RB,FA
10717,Cyrus,Gray,RB,ATL
10718,Isaiah,Pead,RB,FA
10719,Justin,Blackmon,WR,JAC
10720,Kendall,Wright,WR,TEN
10721,Michael,Floyd,WR,NEP
10722,Alshon,Jeffery,WR,CHI
10723,Mohamed,Sanu,WR,ATL
10725,Rueben,Randle,WR,CHI
10729,T.Y.,Hilton,WR,IND
10730,DeVier,Posey,WR,FA
10731,Nick,Toon,WR,FA
10734,Jarius,Wright,WR,MIN
10735,Brian,Quick,WR,RAM
10736,Chris,Givens,WR,FA
10737,Travis,Benjamin,WR,SDC
10738,Marvin,Jones,WR,DET
10741,Chris,Owusu,WR,NYJ
10742,Dwayne,Allen,TE,IND
10743,Coby,Fleener,TE,NOS
10744,Ladarius,Green,TE,PIT
10747,Orson,Charles,TE,DET
10748,Quinton,Coples,DE,FA
10749,Melvin,Ingram,LB,SDC
10750,Nick,Perry,LB,GBP
10752,Andre,Branch,DE,MIA
10753,Chandler,Jones,LB,ARI
10754,Whitney,Mercilus,LB,HOU
10755,Vinny,Curry,DE,PHI
10756,Jonathan,Massaquoi,LB,FA
10757,Brandon,Thompson,DT,CIN
10759,Jerel,Worthy,DE,BUF
10760,Devon,Still,DE,HOU
10761,Dontari,Poe,DT,KCC
10762,Fletcher,Cox,DT,PHI
10763,Michael,Brockers,DT,RAM
10764,Courtney,Upshaw,DT,ATL
10765,Sean,Spence,LB,TEN
10766,Bruce,Irvin,LB,OAK
10767,Travis,Lewis,LB,FA
10768,Lavonte,David,LB,TBB
10769,Keenan,Robinson,LB,NYG
10770,Zach,Brown,LB,BUF
10772,Vontaze,Burfict,LB,CIN
10773,Luke,Kuechly,LB,CAR
10774,Dont'a,Hightower,LB,NEP
10775,Bobby,Wagner,LB,SEA
10776,Audie,Cole,LB,MIN
10777,Morris,Claiborne,CB,DAL
10778,Dre,Kirkpatrick,CB,CIN
10779,Janoris,Jenkins,CB,NYG
10781,Brandon,Boykin,CB,CHI
10782,Mark,Barron,LB,RAM
10783,Harrison,Smith,S,MIN
10784,George,Iloka,S,CIN
10787,Trent,Robinson,S,FA
10788,Antonio,Allen,S,NYJ
10789,Stephon,Gilmore,CB,BUF
10791,Leonard,Johnson,CB,CAR
10792,Jayron,Hosley,CB,NYG
10793,Casey,Hayward,CB,SDC
10797,Jeremy,Ross,WR,ARI
10800,Stephen,Hill,WR,FA
10805,Shea,McClellin,LB,NEP
10806,Derek,Wolfe,DE,DEN
10807,Mychal,Kendricks,LB,PHI
10808,Tavon,Wilson,S,DET
10809,Kendall,Reyes,DE,KCC
10810,Trumaine,Johnson,CB,RAM
10811,Josh,Robinson,CB,TBB
10812,Ronnie,Hillman,RB,SDC
10813,T.J.,Graham,WR,FA
10814,Bryan,Anger,PN,TBB
10815,Olivier,Vernon,DE,NYG
10816,Demario,Davis,LB,CLE
10818,Jamell,Fleming,S,FA
10819,Tyrone,Crawford,DT,DAL
10820,Mike,Martin,DT,FA
10821,Dwight,Bentley,CB,FA
10822,John,Hughes,DE,FA
10823,Akiem,Hicks,DE,CHI
10825,Omar,Bolden,S,FA
10827,Nigel,Bradham,LB,PHI
10829,Alameda,Ta'amu,DT,FA
10831,Kyle,Wilber,LB,DAL
10832,Jaye,Howard,DE,KCC
10833,Coty,Sensabaugh,CB,NYG
10834,James-Michael,Johnson,LB,MIA
10835,Keshawn,Martin,WR,FA
10836,Ron,Brooks,CB,PHI
10838,Rhett,Ellison,TE,MIN
10841,Mike,Daniels,DE,GBP
10846,Malik,Jackson,DT,JAC
10847,Tahir,Whitehead,LB,DET
10848,Robert,Blanton,S,BUF
10849,Najee,Goode,LB,PHI
10850,Brandon,Marshall,LB,DEN
10851,Josh,Norman,CB,WAS
10854,Tank,Carder,LB,CLE
10857,Korey,Toomer,LB,SDC
10861,Jack,Crawford,DE,DAL
10862,Randy,Bullock,PK,CIN
10863,Corey,White,CB,BUF
10867,Asa,Jackson,CB,DET
10868,Greg,Zuerlein,PK,RAM
10869,Jeremy,Lane,CB,SEA
10870,Alfred,Morris,RB,DAL
10871,Keith,Tandy,S,TBB
10872,Blair,Walsh,PK,FA
10874,Justin,Bethel,CB,ARI
10875,Winston,Guy,S,FA
10877,James,Hanna,TE,DAL
10878,Josh,Bush,S,FA
10879,Danny,Trevathan,LB,CHI
10881,Dan,Herron,RB,FA
10884,Nate,Ebner,S,NEP
10887,Emmanuel,Acho,LB,FA
10888,Billy,Winn,DE,DEN
10889,LaVon,Brazill,WR,FA
10890,Brad,Nortman,PN,JAC
10892,Scott,Solomon,LB,FA
10903,Rishard,Matthews,WR,TEN
10905,Bryce,Brown,RB,FA
10906,Nathan,Stupar,LB,NOS
10908,Greg,Scruggs,TE,NEP
10912,Cam,Johnson,LB,CLE
10914,Markus,Kuhn,DT,FA
10918,Trevin,Wade,CB,NYG
10924,Daryl,Richardson,RB,FA
10925,Chuck,Pagano,Coach,IND
10929,Bobby,Rainey,RB,NYG
10930,Jarrett,Boykin,WR,FA
10932,Brandon,Bolden,RB,NEP
10935,Alex,Tanney,QB,FA
10940,Derek,Carrier,TE,WAS
10944,Spencer,Lanning,PN,FA
10945,Johnny,Hekker,PN,RAM
10948,Case,Keenum,QB,RAM
10953,Damaris,Johnson,WR,FA
10955,Rod,Streater,WR,SFO
10956,Deonte,Thompson,WR,CHI
10960,Josh,Gordon,WR,CLE
10961,Lance,Dunbar,RB,DAL
10973,Cole,Beasley,WR,DAL
10974,Dezman,Moses,LB,KCC
10975,Jonathan,Grimes,RB,HOU
10976,Justin,Tucker,PK,BAL
10978,Travaris,Cadet,RB,NOS
10981,Anthony,Levine,S,BAL
10982,Jerrell,Freeman,LB,CHI
10983,Chris,Hogan,WR,NEP
10985,Jamize,Olawale,RB,OAK
10987,Griff,Whalen,WR,FA
10989,L.J.,Fort,LB,PIT
10992,Jorvorskie,Lane,RB,FA
10995,Steven,Johnson,LB,PIT
10997,Drew,Butler,PN,ARI
10998,Matt,Asiata,RB,MIN
11000,Julian,Stanford,LB,NYJ
11001,Austin,Davis,QB,FA
11003,Ishmaa'ily,Kitchen,DT,FA
11004,Dominique,Jones,TE,MIA
11006,Marcus,Thigpen,WR,FA
11007,Garrett,Celek,TE,SFO
11009,Ryan,Quigley,PN,ARI
11010,Tashaun,Gipson,S,JAC
11011,Johnson,Bademosi,CB,DET
11012,Craig,Robertson,LB,NOS
11013,Sean,Richardson,S,FA
11014,Jonathan,Freeny,LB,NEP
11015,Will,Johnson,RB,NYG
11017,Rodney,McLeod,S,PHI
11024,Antwon,Blake,CB,TEN
11030,Mario,Butler,CB,FA
11031,Derrick,Shelby,DE,ATL
11033,Robert,Golden,S,PIT
11043,Tyrunn,Walker,DT,DET
11045,Damon,Harrison,DT,NYG
11054,Brandian,Ross,S,DEN
11055,Sealver,Siliga,DT,TBB
11057,Nathan,Palmer,WR,FA
11062,Bruce,Arians,Coach,ARI
11076,Jermaine,Kearse,WR,SEA
11077,Duke,Ihenacho,S,WAS
11078,Emmanuel,Lamur,LB,MIN
11087,Neiko,Thorpe,CB,SEA
11089,Cory,Harkey,TE,RAM
11100,Patrick,DiMarco,RB,ATL
11101,James,Develin,RB,NEP
11102,Michael,Wilhoite,LB,SFO
11104,Josh,Bellamy,WR,CHI
11123,Sean,McGrath,TE,SDC
11125,Brandon,Bostick,TE,NYJ
11127,Eddie,Pleasant,S,HOU
11135,Tony,Jerod-Eddie,DT,SFO
11138,Chris,Lewis-Harris,CB,BAL
11143,Doug,Marrone,Coach,JAC
11147,Mike,McCoy,Coach,FA
11148,Marc,Trestman,Coach,FA
11149,Chip,Kelly,Coach,FA
11150,Geno,Smith,QB,NYJ
11151,Matt,Barkley,QB,CHI
11152,Mike,Glennon,QB,TBB
11154,E.J.,Manuel,QB,BUF
11155,Ryan,Nassib,QB,NYG
11156,Landry,Jones,QB,PIT
11157,Zac,Dysert,QB,FA
11158,Brad,Sorensen,QB,MIN
11162,Sean,Renfree,QB,TBB
11170,Tyler,Bray,QB,KCC
11174,Montee,Ball,RB,FA
11175,Andre,Ellington,RB,ARI
11176,Stepfan,Taylor,RB,ARI
11177,Kenjon,Barner,RB,PHI
11179,Christine,Michael,RB,GBP
11180,Mike,Gillislee,RB,BUF
11182,Rex,Burkhead,RB,CIN
11185,Kerwynn,Williams,RB,ARI
11186,Chris,Thompson,RB,WAS
11188,Theo,Riddick,RB,DET
11189,Zac,Stacy,RB,FA
11190,Mike,James,RB,DET
11192,Le'Veon,Bell,RB,PIT
11193,Giovani,Bernard,RB,CIN
11194,Knile,Davis,RB,KCC
11199,Spencer,Ware,RB,KCC
11200,Joseph,Randle,RB,FA
11201,Eddie,Lacy,RB,GBP
11210,Denard,Robinson,RB,JAC
11211,Terrance,Williams,WR,DAL
11212,Justin,Hunter,WR,BUF
11213,Tavon,Austin,WR,RAM
11214,Aaron,Dobson,WR,ARI
11215,Cobi,Hamilton,WR,PIT
11218,Quinton,Patton,WR,SFO
11219,Tavarres,King,WR,NYG
11220,Corey,Fuller,WR,NOS
11222,Keenan,Allen,WR,SDC
11223,Stedman,Bailey,WR,RAM
11224,Josh,Boyce,WR,FA
11225,Cordarrelle,Patterson,WR,MIN
11226,Da'Rick,Rogers,WR,FA
11227,Kenny,Stills,WR,MIA
11228,Robert,Woods,WR,BUF
11229,Markus,Wheaton,WR,PIT
11231,Marquess,Wilson,WR,CHI
11232,DeAndre,Hopkins,WR,HOU
11235,Chris,Harper,WR,FA
11237,Russell,Shepard,WR,TBB
11239,Marquise,Goodwin,WR,BUF
11244,Travis,Kelce,TE,KCC
11245,Jake,Stoneburner,TE,NOS
11247,Zach,Ertz,TE,PHI
11248,Jordan,Reed,TE,WAS
11249,Dion,Sims,TE,MIA
11250,Tyler,Eifert,TE,CIN
11251,Gavin,Escobar,TE,DAL
11252,Levine,Toilolo,TE,ATL
11254,Michael,Williams,TE,FA
11256,Chris,Gragg,TE,BUF
11257,Vance,McDonald,TE,SFO
11258,Mychal,Rivera,TE,OAK
11259,Zach,Sudfeld,TE,FA
11260,Bjoern,Werner,LB,FA
11261,Damontre,Moore,DE,SEA
11262,Alex,Okafor,LB,ARI
11263,Dion,Jordan,DE,MIA
11265,William,Gholston,DE,TBB
11266,Corey,Lemonier,LB,NYJ
11267,Ezekiel,Ansah,DE,DET
11268,Lavar,Edwards,DE,FA
11269,Devin,Taylor,DE,DET
11270,Cornellius,Carradine,LB,SFO
11271,Kapron,Lewis-Moore,DE,CHI
11272,Datone,Jones,LB,GBP
11273,John,Simon,LB,HOU
11274,Margus,Hunt,DE,CIN
11277,Malliciah,Goodman,DE,ATL
11278,Abry,Jones,DT,JAC
11279,Stansly,Maponga,DE,NYG
11280,Star,Lotulelei,DT,CAR
11281,Johnathan,Hankins,DT,NYG
11282,Akeem,Spence,DT,TBB
11283,Sheldon,Richardson,DE,NYJ
11284,Sharrif,Floyd,DT,MIN
11285,Sylvester,Williams,DT,DEN
11286,John,Jenkins,DT,SEA
11289,Bennie,Logan,DT,PHI
11290,Jarvis,Jones,LB,PIT
11291,Arthur,Brown,LB,FA
11292,Manti,Te'o,LB,SDC
11293,Alec,Ogletree,LB,RAM
11294,Nico,Johnson,LB,FA
11295,Barkevious,Mingo,LB,NEP
11299,Jon,Bostic,LB,DET
11300,Kevin,Reddick,LB,FA
11301,Michael,Mauti,LB,NOS
11303,Gerald,Hodges,LB,SFO
11305,Jelani,Jenkins,LB,MIA
11306,Sean,Porter,LB,JAC
11307,Zaviar,Gooden,LB,ARI
11308,Kiko,Alonso,LB,MIA
11310,Kevin,Minter,LB,ARI
11311,Dee,Milliner,CB,FA
11312,Desmond,Trufant,CB,ATL
11313,Tyrann,Mathieu,S,ARI
11314,Xavier,Rhodes,CB,MIN
11315,David,Amerson,CB,OAK
11316,Logan,Ryan,CB,NEP
11317,Jordan,Poyer,S,CLE
11318,Jamar,Taylor,CB,CLE
11320,Will,Davis,CB,FA
11321,Johnthan,Banks,CB,CHI
11322,Matt,Elam,S,BAL
11323,Eric,Reid,S,SFO
11324,Kenny,Vaccaro,S,NOS
11325,Bacarri,Rambo,S,MIA
11326,T.J.,McDonald,S,RAM
11327,Tony,Jefferson,S,ARI
11330,Shawn,Williams,S,CIN
11331,Josh,Evans,S,WAS
11332,Jonas,Gray,RB,FA
11333,Kawann,Short,DT,CAR
11337,Darren,Fells,TE,ARI
11338,Kelcie,McCray,S,SEA
11340,Brandon,Bogotay,PK,FA
11342,Fozzy,Whittaker,RB,CAR
11343,Ifeanyi,Momah,TE,FA
11345,Marquette,King,PN,OAK
11346,D.J.,Hayden,CB,OAK
11347,Johnathan,Cyprien,S,JAC
11348,Darius,Slay,CB,DET
11349,Jamie,Collins,LB,CLE
11350,D.J.,Swearinger,S,ARI
11351,Robert,Alford,CB,ATL
11352,Dwayne,Gratz,CB,PHI
11353,Sio,Moore,LB,ARI
11354,Leon,McFadden,CB,DAL
11355,Blidi,Wreh-Wilson,CB,ATL
11356,J.J.,Wilcox,S,DAL
11357,Jordan,Hill,DT,JAC
11358,Kayvon,Webster,CB,DEN
11359,Duron,Harmon,S,NEP
11360,Brandon,Williams,DT,BAL
11361,Duke,Williams,S,IND
11362,Shamarko,Thomas,S,PIT
11363,B.W.,Webb,CB,NOS
11365,Phillip,Thomas,S,FA
11367,Kyle,Juszczyk,RB,BAL
11369,Tharold,Simon,CB,WAS
11370,Montori,Hughes,DT,KCC
11371,Jonathan,Meeks,S,BUF
11372,Steve,Williams,CB,FA
11374,Steven,Means,DE,PHI
11375,A.J.,Klein,LB,CAR
11378,Cooper,Taylor,S,FA
11379,Jeff,Locke,PN,MIN
11380,Quinton,Dial,DT,SFO
11381,Luke,Willson,TE,SEA
11382,Micah,Hyde,S,GBP
11383,Sam,Martin,PN,DET
11384,Caleb,Sturgis,PK,PHI
11385,Josh,Boyd,DE,FA
11387,Dustin,Hopkins,PK,WAS
11388,Tourek,Williams,LB,SDC
11389,Nick,Moody,LB,FA
11390,Latavius,Murray,RB,OAK
11394,Cornelius,Washington,DE,CHI
11396,Nate,Palmer,LB,TEN
11398,Chris,Jones,DT,SFO
11399,Ryan,Griffin,TE,HOU
11402,Stacy,McGee,DE,OAK
11403,Vince,Williams,LB,PIT
11404,Mike,Catapano,DE,NYJ
11406,Brice,Butler,WR,DAL
11407,Demetrius,McCray,CB,SEA
11408,Tommy,Bohanon,RB,FA
11409,Charles,Johnson,WR,MIN
11410,Armonty,Bryant,LB,DET
11412,Nick,Williams,DE,MIA
11415,Ty,Powell,LB,FA
11416,David,Bass,LB,TEN
11418,Sam,Barrington,LB,NOS
11419,David,King,DE,KCC
11420,B.J.,Daniels,WR,FA
11422,Kemal,Ishmael,S,ATL
11424,Daimion,Stafford,S,TEN
11425,Don,Jones,S,HOU
11428,Marcus,Cooper,CB,ARI
11429,Justice,Cunningham,TE,FA
11432,Benny,Cunningham,RB,RAM
11434,MarQueis,Gray,TE,MIA
11437,Terrell,Sinkfield,WR,FA
11440,Kenbrell,Thompkins,WR,FA
11441,Ryan,Griffin,QB,TBB
11442,Gus,Bradley,Coach,FA
11443,Brad,Wing,PN,NYG
11448,Demetrius,Harris,TE,KCC
11454,C.J.,Anderson,RB,DEN
11456,Jaron,Brown,WR,ARI
11457,Paul,Worrilow,LB,ATL
11460,Lerentee,McCray,LB,BUF
11462,LaRoy,Reynolds,LB,ATL
11463,Jayson,DiManche,LB,FA
11465,Matt,McGloin,QB,OAK
11466,Khiry,Robinson,RB,NYJ
11474,Zach,Line,RB,MIN
11475,Eric,Rogers,WR,SFO
11476,Cameron,Marshall,RB,FA
11481,Marlon,Brown,WR,DEN
11487,Ray-Ray,Armstrong,LB,SFO
11490,Joplo,Bartu,LB,ARI
11491,Benson,Mayowa,DE,DAL
11492,Damion,Square,DE,SDC
11494,Matt,Simms,QB,FA
11498,Jahleel,Addae,S,SDC
11499,Justin,Tuggle,LB,FA
11500,Ryan,Allen,PN,NEP
11501,Nickell,Robey,CB,BUF
11506,Andy,Mulumba,LB,FA
11510,Brandon,Williams,TE,SEA
11511,Daren,Bates,LB,OAK
11512,A.J.,Bouye,CB,HOU
11514,Brynden,Trawick,S,OAK
11515,Wes,Horton,DE,CAR
11516,Jack,Doyle,TE,IND
11517,Bradley,McDougald,S,TBB
11521,Larry,Donnell,TE,NYG
11523,Terence,Garvin,LB,WAS
11524,Derrick,Coleman,RB,FA
11526,Tim,Wright,TE,DET
11529,Josh,Hill,TE,NOS
11532,Chris,Banjo,S,NOS
11534,Melvin,White,S,MIN
11537,Rashaan,Melvin,CB,IND
11540,Chase,Reynolds,RB,RAM
11542,Josh,Martin,LB,NYJ
11543,Jeff,Heath,S,DAL
11553,Kenny,Demens,LB,FA
11554,Darryl,Morris,CB,IND
11555,Cody,Davis,S,RAM
11567,Charles,James,CB,IND
11570,Brittan,Golden,WR,ARI
11581,Myles,White,WR,FA
11584,Brian,Tyms,WR,FA
11587,Chase,Ford,TE,FA
11591,Stefan,Charles,DT,DET
11595,Rontez,Miles,S,NYJ
11600,Nick,Williams,WR,ATL
11601,Ryan,Davis,LB,DAL
11605,Deshawn,Shead,CB,SEA
11606,Chris,Pantale,TE,MIA
11608,Josh,McNary,LB,IND
11611,Daniel,Adongo,LB,FA
11613,Michael,Thomas,S,MIA
11614,Joe,Banyard,RB,JAC
11619,Marcus,Cromartie,S,SFO
11628,Phillip,Supernaw,TE,TEN
11632,Will,Compton,LB,WAS
11634,Bill,O'Brien,Coach,HOU
11636,Jay,Gruden,Coach,WAS
11637,Mike,Zimmer,Coach,MIN
11639,Mike,Pettine,Coach,FA
11640,Teddy,Bridgewater,QB,MIN
11641,Johnny,Manziel,QB,FA
11642,Blake,Bortles,QB,JAC
11643,A.J.,McCarron,QB,CIN
11644,Derek,Carr,QB,OAK
11645,Zach,Mettenberger,QB,PIT
11646,Tajh,Boyd,QB,FA
11647,Logan,Thomas,QB,BUF
11648,Aaron,Murray,QB,FA
11649,Tom,Savage,QB,HOU
11650,Tre,Mason,RB,RAM
11651,Lache,Seastrunk,RB,FA
11652,Ka'Deem,Carey,RB,CHI
11653,Bishop,Sankey,RB,MIN
11654,Jeremy,Hill,RB,CIN
11655,Marion,Grice,RB,FA
11656,Charles,Sims,RB,TBB
11657,Carlos,Hyde,RB,SFO
11658,Andre,Williams,RB,SDC
11659,De'Anthony,Thomas,WR,KCC
11660,Devonta,Freeman,RB,ATL
11661,Tyler,Gaffney,RB,FA
11662,James,Wilder,RB,FA
11663,Storm,Johnson,RB,MIA
11665,Silas,Redd,RB,WAS
11668,Isaiah,Crowell,RB,CLE
11669,Rajion,Neal,RB,CLE
11670,Sammy,Watkins,WR,BUF
11671,Mike,Evans,WR,TBB
11672,Marqise,Lee,WR,JAC
11673,Kelvin,Benjamin,WR,CAR
11674,Brandin,Cooks,WR,NOS
11675,Davante,Adams,WR,GBP
11676,Jordan,Matthews,WR,PHI
11677,Donte,Moncrief,WR,IND
11678,Allen,Robinson,WR,JAC
11679,Odell,Beckham,WR,NYG
11680,Jarvis,Landry,WR,MIA
11681,Paul,Richardson,WR,SEA
11682,Jared,Abbrederis,WR,DET
11683,Jalen,Saunders,WR,FA
11684,Josh,Huff,WR,TBB
11686,T.J.,Jones,WR,DET
11687,Devin,Street,WR,IND
11688,Martavis,Bryant,WR,PIT
11689,Bruce,Ellington,WR,SFO
11690,Shaq,Evans,WR,DAL
11691,Jeremy,Gallon,WR,FA
11692,Kain,Colter,WR,FA
11695,Eric,Ebron,TE,DET
11696,Jace,Amaro,TE,TEN
11697,Austin,Seferian-Jenkins,TE,NYJ
11698,C.J.,Fiedorowicz,TE,HOU
11699,Marcel,Jensen,TE,WAS
11701,Xavier,Grimble,TE,PIT
11702,Rory,Anderson,TE,FA
11703,Troy,Niklas,TE,ARI
11704,Colt,Lyerla,TE,FA
11705,Trey,Burton,TE,PHI
11706,Jadeveon,Clowney,LB,HOU
11707,Stephon,Tuitt,DE,PIT
11708,Kony,Ealy,DE,CAR
11709,Trent,Murphy,LB,WAS
11710,Dominique,Easley,DT,RAM
11711,Dee,Ford,LB,KCC
11712,Aaron,Lynch,LB,SFO
11713,Jackson,Jeffcoat,LB,CLE
11715,Louis,Nix,DT,FA
11716,Ra'Shede,Hageman,DE,ATL
11717,Timmy,Jernigan,DE,BAL
11718,Ego,Ferguson,DE,FA
11719,Daniel,McCullers,DT,PIT
11720,Anthony,Barr,LB,MIN
11721,Khalil,Mack,DE,OAK
11722,Ryan,Shazier,LB,PIT
11723,Kyle,Van Noy,LB,NEP
11724,Christian,Jones,LB,CHI
11725,Jeremiah,Attaochu,LB,SDC
11728,C.J.,Mosley,LB,BAL
11730,Shayne,Skov,LB,SFO
11732,Max,Bullough,LB,HOU
11733,Lamin,Barrow,LB,MIA
11735,Bradley,Roby,CB,DEN
11736,Justin,Gilbert,CB,PIT
11737,Darqueze,Dennard,CB,CIN
11739,Aaron,Colvin,CB,JAC
11740,Ha Ha,Clinton-Dix,S,GBP
11741,Calvin,Pryor,S,NYJ
11742,Lamarcus,Joyner,CB,RAM
11744,Ed,Reynolds,S,CLE
11746,Terrance,West,RB,BAL
11747,James,White,RB,NEP
11748,Kendall,Gaskins,RB,FA
11752,Chris,Matthews,WR,BAL
11754,Brandon,Coleman,WR,NOS
11757,Aaron,Donald,DT,RAM
11758,Cody,Latimer,WR,DEN
11760,Jimmy,Garoppolo,QB,NEP
11761,Jerick,McKinnon,RB,MIN
11764,Kyle,Fuller,CB,CHI
11765,Jason,Verrett,CB,SDC
11766,Marcus,Smith,DE,PHI
11767,Deone,Bucannon,LB,ARI
11768,Jimmie,Ward,CB,SFO
11769,Demarcus,Lawrence,DE,DAL
11771,Dezmen,Southward,S,CAR
11772,Christian,Kirksey,LB,CLE
11773,Scott,Crichton,DE,MIN
11774,Jay,Bromley,DT,NYG
11775,Preston,Brown,LB,BUF
11776,Terrence,Brooks,S,PHI
11777,Dexter,McDougle,CB,NYJ
11778,Will,Sutton,DT,CHI
11779,Kareem,Martin,LB,ARI
11780,Khyri,Thornton,DT,DET
11781,Phillip,Gaines,CB,KCC
11782,Will,Clarke,DE,CIN
11783,John,Brown,WR,ARI
11784,Dri,Archer,RB,BUF
11785,Richard,Rodgers,TE,GBP
11786,Crockett,Gillmore,TE,BAL
11787,Jaylen,Watkins,S,PHI
11788,Bashaud,Breeland,CB,WAS
11789,Justin,Ellis,DT,OAK
11790,Cassius,Marsh,DE,SEA
11791,Ross,Cockrell,CB,PIT
11792,Maurice,Alexander,S,RAM
11793,DaQuan,Jones,DE,TEN
11794,Keith,McGill,S,OAK
11795,Anthony,Hitchens,LB,DAL
11796,Carl,Bradford,LB,SFO
11797,Marqueston,Huff,S,BAL
11798,Kevin,Norwood,WR,NYG
11799,Walt,Aikens,S,MIA
11801,Pierre,Desir,CB,SEA
11802,Tre,Boston,S,CAR
11803,Dontae,Johnson,CB,SFO
11804,Brock,Vereen,S,FA
11805,Kevin,Pierre-Louis,LB,SEA
11806,Nevin,Lawson,CB,DET
11807,Brent,Urban,DE,BAL
11808,Larry,Webster,DE,CAR
11809,Lorenzo,Taliaferro,RB,BAL
11811,Taylor,Hart,DT,PHI
11812,Ryan,Grant,WR,WAS
11813,Telvin,Smith,LB,JAC
11814,Ricardo,Allen,S,ATL
11815,Bene,Benwikere,CB,FA
11816,Avery,Williamson,LB,TEN
11817,Nat,Berhe,S,NYG
11818,Jeremiah,George,LB,DAL
11820,Caraun,Reid,DT,SDC
11821,Chris,Smith,DE,JAC
11822,Ed,Stinson,DE,ARI
11823,Ryan,Carrethers,DT,SDC
11824,Jonathan,Newsome,LB,FA
11827,Keith,Reaser,CB,SFO
11828,Jordan,Tripp,LB,GBP
11830,Devon,Kennard,LB,NYG
11831,Jeoffrey,Pagan,DE,HOU
11832,Kenneth,Acker,CB,KCC
11833,Antone,Exum,S,MIN
11834,Alfred,Blue,RB,HOU
11835,David,Fales,QB,CHI
11837,Bennett,Jackson,S,FA
11838,E.J.,Gaines,CB,RAM
11839,Matt,Hazel,WR,WAS
11840,Pat,O'Donnell,PN,CHI
11841,Jordan,Zumwalt,LB,FA
11842,Keith,Wenning,QB,NYG
11843,Walter,Powell,WR,BUF
11844,Demetri,Goodson,CB,GBP
11849,Eric,Pinkins,LB,NYG
11850,Quincy,Enunwa,WR,NYJ
11851,Jay,Prosch,RB,HOU
11852,Marquis,Flowers,LB,CIN
11853,IK,Enemkpali,LB,BUF
11855,Dre,Hal,S,HOU
11857,Michael,Campanaro,WR,BAL
11858,Travis,Carrie,CB,OAK
11859,Shamar,Stephen,DT,MIN
11860,Randell,Johnson,LB,NYJ
11861,Brandon,Watts,LB,MIA
11862,Beau,Allen,DT,PHI
11865,Zach,Hocker,PK,FA
11869,Trevor,Reilly,LB,MIA
11870,Jeff,Janis,WR,GBP
11871,Terrence,Fede,DE,MIA
11872,Shelby,Harris,DT,DEN
11874,James,Wright,WR,CIN
11876,Christian,Bryant,S,ARI
11877,Corey,Nelson,LB,DEN
11881,Ken,Bishop,DT,FA
11883,Terrance,Mitchell,CB,KCC
11885,Lonnie,Ballentine,S,HOU
11886,Damien,Williams,RB,MIA
11890,Albert,Wilson,WR,KCC
11895,Kapri,Bibbs,RB,DEN
11897,Connor,Shaw,QB,CHI
11899,Stephen,Morris,QB,FA
11901,Antonio,Andrews,RB,TEN
11904,Erik,Swoope,TE,IND
11909,Travis,Coons,PK,FA
11921,Seantavius,Jones,WR,KCC
11922,Howard,Jones,DE,TBB
11923,George,Atkinson,RB,CLE
11925,Allen,Hurns,WR,JAC
11927,Ryan,Hewitt,RB,CIN
11928,Isaiah,Burse,WR,SDC
11931,Bennie,Fowler,WR,DEN
11932,Jeremy,Butler,WR,SDC
11936,Chris,Boswell,PK,PIT
11937,Juwan,Thompson,RB,DEN
11938,Adam,Thielen,WR,MIN
11941,Branden,Oliver,RB,SDC
11942,Darrin,Reaves,RB,KCC
11943,Zurlon,Tipton,XX,FA
11944,Je'Ron,Hamm,TE,SFO
11945,Cairo,Santos,PK,KCC
11947,Brandon,McManus,PK,DEN
11948,Brenton,Bersin,WR,CAR
11950,Chris,McCain,DE,FA
11951,Willie,Snead,WR,NOS
11953,Corey,Washington,WR,FA
11954,Jayrone,Elliott,LB,GBP
11955,Brock,Coyle,LB,SEA
11956,Daniel,Sorensen,S,KCC
11957,Dontrelle,Inman,WR,SDC
11960,Chandler,Catanzaro,PK,ARI
11961,Blake,Annen,TE,FA
11963,George,Winn,RB,NYG
11964,Senorise,Perry,RB,MIA
11965,Malcolm,Butler,CB,NEP
11966,Cody,Parkey,PK,CLE
11967,Frankie,Hammond,WR,NYJ
11968,Javontee,Herndon,WR,SDC
11970,Mike,Pennel,DT,FA
11971,Patrick,Murray,PK,CLE
11972,Corey,Brown,WR,CAR
11974,Tyler,Patmon,CB,CAR
11975,Taylor,Gabriel,WR,ATL
11977,Orleans,Darkwa,RB,NYG
11978,Marcus,Burley,CB,CLE
11979,Glenn,Winston,RB,CLE
11980,Colton,Schmidt,PN,BUF
11981,Cooper,Helfet,TE,OAK
11982,Trey,Watts,RB,RAM
11984,Zachary,Orr,LB,FA
11985,Tress,Way,PN,WAS
11989,Austin,Johnson,RB,FA
11990,Davon,Coleman,DT,FA
11991,Jerome,Couplin,S,RAM
11993,Zach,Kerr,DE,IND
11994,Jacquies,Smith,DE,TBB
11995,Robert,Nelson,CB,HOU
11996,Kasim,Edebali,DE,NOS
11998,Anthony,Johnson,DT,NYJ
12000,Marcus,Roberson,CB,BUF
12001,Tenny,Palepoi,DE,SDC
12002,Ethan,Westbrooks,DT,RAM
12005,T.J.,Barnes,DT,KCC
12006,Chris,Davis,CB,SFO
12007,Bruce,Gaston,DE,FA
12008,Kerry,Wynn,DE,NYG
12009,Fitzgerald,Toussaint,RB,PIT
12010,Brian,Dixon,CB,ARI
12015,K'Waun,Williams,CB,FA
12019,Jordan,Gay,PK,BUF
12025,Akeem,Davis,S,KCC
12027,Deontae,Skinner,LB,NYG
12038,Rashad,Ross,WR,SFO
12039,Asante,Cleveland,TE,SDC
12040,Keith,Smith,RB,DAL
12044,Demontre,Hurst,CB,CHI
12046,Nic,Jacobs,TE,FA
12047,Cordarro,Law,LB,FA
12051,Deandre,Coleman,DT,BUF
12059,Jumal,Rolle,CB,BAL
12062,Freddie,Martino,WR,TBB
12063,Shamiel,Gary,S,BUF
12065,Steven,Terrell,S,SEA
12072,Adarius,Glanton,LB,TBB
12075,Shaq,Barrett,LB,DEN
12083,Denico,Autry,DE,OAK
12087,Todd,Davis,LB,DEN
12088,Adrian,Phillips,S,SDC
12090,Marcus,Williams,CB,NYJ
12094,Peyton,Thompson,S,JAC
12098,Charcandrick,West,RB,KCC
12099,Josh,Mauro,DE,ARI
12100,Justin,Perillo,TE,FA
12102,Duron,Carter,WR,FA
12107,Justin,Staples,LB,TEN
12110,Cameron,Brate,TE,TBB
12111,Brandon,Dunn,DE,HOU
12116,Anthony,Denham,TE,FA
12124,Jerome,Cunningham,TE,FA
12126,Mike,Purcell,DT,SFO
12136,Jamie,Meder,DE,CLE
12138,Scott,Simonson,TE,CAR
12140,Jameis,Winston,QB,TBB
12141,Marcus,Mariota,QB,TEN
12142,Brett,Hundley,QB,GBP
12144,Bryce,Petty,QB,NYJ
12145,Sean,Mannion,QB,RAM
12146,Garrett,Grayson,QB,NOS
12148,Cody,Fajardo,QB,FA
12150,Todd,Gurley,RB,RAM
12151,Melvin,Gordon,RB,SDC
12152,Tevin,Coleman,RB,ATL
12153,T.J.,Yeldon,RB,JAC
12154,Jay,Ajayi,RB,MIA
12155,Ameer,Abdullah,RB,DET
12156,Jeremy,Langford,RB,CHI
12157,Duke,Johnson,RB,CLE
12158,David,Cobb,RB,CHI
12159,Javorius,Allen,RB,BAL
12160,Karlos,Williams,RB,PIT
12161,Cameron,Artis-Payne,RB,CAR
12162,Matt,Jones,RB,WAS
12163,Josh,Robinson,RB,FA
12164,Mike,Davis,RB,SFO
12165,Michael,Dyer,RB,FA
12166,Terrence,Magee,RB,SEA
12167,Kenny,Hilliard,RB,HOU
12168,Dee,Hart,RB,FA
12169,Thomas,Rawls,RB,SEA
12170,Akeem,Hunt,RB,HOU
12171,David,Johnson,RB,ARI
12173,Malcom,Brown,DT,NEP
12175,Amari,Cooper,WR,OAK
12176,DeVante,Parker,WR,MIA
12177,Kevin,White,WR,CHI
12178,Sammie,Coates,WR,PIT
12179,Jaelen,Strong,WR,HOU
12180,Dorial,Green-Beckham,WR,PHI
12181,Nelson,Agholor,WR,PHI
12182,Devin,Smith,WR,NYJ
12183,Rashad,Greene,WR,JAC
12184,Jamison,Crowder,WR,WAS
12185,Justin,Hardy,WR,ATL
12186,Stefon,Diggs,WR,MIN
12187,Tyler,Lockett,WR,SEA
12188,Phillip,Dorsett,WR,IND
12189,Tony,Lippett,CB,MIA
12192,Dres,Anderson,WR,CHI
12193,Titus,Davis,WR,NYJ
12194,Antwan,Goodley,WR,GBP
12195,Kenny,Bell,WR,FA
12196,Vince,Mayle,WR,BAL
12197,Breshad,Perriman,WR,BAL
12199,Devin,Gardner,WR,FA
12201,Chris,Harper,WR,SFO
12203,DaVaris,Daniels,WR,FA
12204,DeAndre,Smelter,WR,SFO
12205,Devin,Funchess,WR,CAR
12206,Maxx,Williams,TE,BAL
12207,Nick,O'Leary,TE,BUF
12208,Jeff,Heuerman,TE,DEN
12209,Ben,Koyack,TE,JAC
12210,Clive,Walford,TE,OAK
12211,Jesse,James,TE,PIT
12212,Tyler,Kroft,TE,CIN
12213,Blake,Bell,TE,SFO
12214,E.J.,Bibbs,TE,FA
12215,Randy,Gregory,DE,DAL
12216,Shane,Ray,LB,DEN
12217,Dante,Fowler,DE,JAC
12218,Arik,Armstead,DE,SFO
12219,Mario,Edwards,DE,OAK
12220,Eli,Harold,LB,SFO
12221,Danielle,Hunter,DE,MIN
12222,Trey,Flowers,DE,NEP
12223,Nate,Orchard,LB,CLE
12225,Leonard,Williams,DE,NYJ
12226,Danny,Shelton,DT,CLE
12227,Carl,Davis,DE,BAL
12228,Michael,Bennett,DT,JAC
12229,Jordan,Phillips,DT,MIA
12230,Vic,Beasley,LB,ATL
12231,Shaq,Thompson,LB,CAR
12232,Jake,Ryan,LB,GBP
12233,Kwon,Alexander,LB,TBB
12234,Bud,Dupree,LB,PIT
12235,Tony,Washington,LB,FA
12236,Paul,Dawson,LB,CIN
12237,Ramik,Wilson,LB,KCC
12238,Denzel,Perryman,LB,SDC
12239,Eric,Kendricks,LB,MIN
12242,Jeff,Luc,LB,NYJ
12243,Stephone,Anthony,LB,NOS
12244,Bryce,Hager,LB,RAM
12245,Marcus,Peters,CB,KCC
12246,P.J.,Williams,CB,NOS
12247,Jalen,Collins,CB,ATL
12248,Trae,Waynes,CB,MIN
12249,Kevin,Johnson,CB,HOU
12250,Landon,Collins,S,NYG
12251,Kurtis,Drummond,S,HOU
12252,Anthony,Harris,S,MIN
12253,Derron,Smith,S,CIN
12255,Dan,Quinn,Coach,ATL
12256,Jarryd,Hayne,RB,FA
12257,Chris,Conley,WR,KCC
12260,Tre,McBride,WR,TEN
12261,Ty,Montgomery,WR,GBP
12263,Darren,Waller,TE,BAL
12264,Zach,Zenner,RB,DET
12265,Devante,Davis,WR,FA
12266,Jordan,Berry,PN,PIT
12267,Matt,Blanchard,QB,FA
12268,Byron,Jones,S,DAL
12269,Damarious,Randall,CB,GBP
12270,Preston,Smith,LB,WAS
12271,Eddie,Goldman,DT,CHI
12272,Benardrick,McKinney,LB,HOU
12273,Hau'oli,Kikaha,DE,NOS
12274,Jaquiski,Tartt,S,SFO
12275,Eric,Rowe,CB,NEP
12276,Ronald,Darby,CB,BUF
12277,Senquez,Golson,CB,PIT
12278,Markus,Golden,LB,ARI
12279,Quinten,Rollins,CB,GBP
12280,Frank,Clark,DE,SEA
12281,Jordan,Richards,S,NEP
12282,D'Joun,Smith,CB,FA
12283,Owamagbe,Odighizuwa,DE,NYG
12284,Alex,Carter,CB,DET
12285,Lorenzo,Mauldin,LB,NYJ
12286,Craig,Mager,CB,SDC
12287,Jordan,Hicks,LB,PHI
12288,Henry,Anderson,DE,IND
12289,Xavier,Cooper,DE,CLE
12290,Geneo,Grissom,DE,NEP
12291,Steven,Nelson,CB,KCC
12292,Angelo,Blackson,DT,TEN
12293,James,Sample,S,JAC
12294,Jalston,Fowler,RB,TEN
12295,Clayton,Geathers,S,IND
12296,Gabe,Wright,DT,CLE
12297,Ibraheim,Campbell,S,CLE
12298,Rodney,Gunter,DT,ARI
12299,Josh,Shaw,CB,CIN
12300,Doran,Grant,CB,FA
12301,Za'Darius,Smith,LB,BAL
12302,Damien,Wilson,LB,DAL
12303,Marcus,Hardison,DE,CIN
12304,Tray,Walker,CB,FA
12305,Grady,Jarrett,DT,ATL
12306,Ben,Heeney,LB,OAK
12307,Martrell,Spaight,LB,WAS
12308,Adrian,Amos,S,CHI
12309,MyCole,Pruitt,TE,CHI
12310,Mykkele,Thompson,S,NYG
12311,Bobby,McCain,CB,MIA
12312,Davis,Tull,DE,FA
12313,Cedric,Thompson,S,MIN
12314,David,Parry,DT,IND
12315,Kyle,Emanuel,LB,SDC
12316,Tyeler,Davison,DT,NOS
12317,C.J.,Uzomah,TE,CIN
12318,Shaquille,Riddick,LB,FA
12319,J.J.,Nelson,WR,ARI
12320,Neiron,Ball,LB,FA
12321,Ryan,Russell,DE,TBB
12322,Lorenzo,Doss,CB,DEN
12323,Bradley,Pinion,PN,SFO
12324,Damian,Swann,CB,NOS
12325,Michael,Burton,RB,DET
12326,David,Mayo,LB,CAR
12327,Tye,Smith,CB,TEN
12328,Nick,Boyle,TE,BAL
12329,D.J.,Alexander,LB,KCC
12330,James,O'Shaughnessy,TE,KCC
12331,Keith,Mumphery,WR,HOU
12332,Deiontrez,Mount,LB,IND
12333,Matthew,Wells,LB,FA
12334,Max,Valles,LB,BUF
12335,Kyshoen,Jarrett,S,WAS
12336,Tevin,Mitchel,CB,IND
12337,Kaelin,Clay,WR,BAL
12338,Geremy,Davis,WR,SDC
12339,Evan,Spencer,WR,FA
12340,Tony,Steward,LB,FA
12341,Charles,Gaines,CB,BUF
12342,JaCorey,Shepherd,CB,SFO
12343,Darius,Philon,DE,SDC
12345,Malcolm,Johnson,RB,SEA
12347,Randall,Telfer,TE,CLE
12348,Leterrius,Walton,DE,PIT
12349,Quandre,Diggs,CB,DET
12351,A.J.,Derby,TE,DEN
12352,Darius,Kilgo,DT,FA
12353,Aaron,Ripkowski,RB,GBP
12354,Amarlo,Herrera,LB,FA
12355,Obum,Gwacham,DE,NOS
12356,Christian,Ringo,DE,GBP
12357,Reshard,Cliett,LB,TEN
12358,Anthony,Chickillo,LB,PIT
12359,Kennard,Backman,TE,DET
12360,Christian,Covington,DE,HOU
12361,Rakeem,Nunez-Roches,DT,KCC
12362,Hayes,Pullard,LB,JAC
12363,Neal,Sterling,TE,JAC
12364,Andre,Debose,WR,FA
12365,Deon,Simon,DT,NYJ
12367,Marcus,Murphy,RB,NOS
12368,Joey,Iosefa,RB,FA
12369,Edmond,Robinson,LB,MIN
12371,Dezmin,Lewis,WR,BUF
12372,Mark,Nzeocha,LB,DAL
12374,Mario,Alford,WR,CLE
12375,Ifo,Ekpre-Olomu,S,MIA
12376,Dexter,McDonald,S,OAK
12378,Geoff,Swaim,TE,DAL
12379,Darryl,Roberts,CB,NYJ
12380,Akeem,King,CB,ATL
12381,Trevor,Siemian,QB,DEN
12385,Gerald,Christian,TE,BUF
12386,Malcolm,Brown,RB,RAM
12388,John,Crockett,RB,GBP
12390,Terrell,Watson,RB,PHI
12391,Tyrell,Williams,WR,SDC
12392,Trey,Williams,RB,FA
12393,Tyler,Varga,RB,IND
12394,DeAndre,Carter,WR,FA
12396,George,Farmer,RB,SEA
12397,Jaxon,Shipley,WR,FA
12398,Jordan,Taylor,WR,DEN
12399,Rasheed,Bailey,WR,PHI
12402,Corey,Grant,RB,JAC
12404,R.J.,Harris,WR,NOS
12405,Wes,Saxton,TE,WAS
12406,Gus,Johnson,RB,FA
12411,Rannell,Hall,WR,CLE
12413,Dreamius,Smith,RB,FA
12416,Kyle,Brindza,PK,FA
12417,Josh,Lambo,PK,SDC
12418,Tom,Obarski,PK,FA
12419,Mike,Hull,LB,MIA
12423,Delvin,Breaux,CB,NOS
12424,Beau,Gardner,TE,FA
12425,Andrew,Franks,PK,MIA
12427,Zach,Vigil,LB,WAS
12428,Xavier,Williams,DT,ARI
12429,DeAndrew,White,WR,FA
12430,Kasen,Williams,WR,SEA
12433,Brian,Parker,TE,FA
12434,Earl,Okine,DE,KCC
12437,Jason,Myers,PK,JAC
12438,Kenny,Anunike,DE,NYJ
12439,Lucky,Whitehead,WR,DAL
12440,Alonzo,Harris,RB,FA
12441,Bobby,Richardson,DE,FA
12443,Jake,Kumerow,WR,FA
12444,Rod,Smith,RB,DAL
12446,Terron,Ward,RB,ATL
12447,Raheem,Mostert,RB,SFO
12448,Quinton,Dunbar,CB,WAS
12449,Robert,Thomas,DT,NYG
12453,Shakim,Phillips,WR,PIT
12455,Denzel,Rice,CB,HOU
12456,Dion,Bailey,S,NYJ
12458,Brandon,Wegher,RB,FA
12460,Shane,Wynn,WR,JAC
12462,Thurston,Armbrister,LB,DET
12464,Damiere,Byrd,WR,CAR
12465,Cameron,Meredith,WR,CHI
12466,Tyler,Murphy,WR,MIA
12469,Tavaris,Barnes,DE,FA
12470,Uani,Unga,LB,FA
12471,Seth,Roberts,WR,OAK
12472,Matt,Darr,PN,MIA
12474,T.Y.,McGill,DT,IND
12475,Bradley,Marquez,WR,RAM
12476,Taylor,Heinicke,QB,MIN
12477,A.J.,Tarpley,LB,FA
12478,Ladarius,Gunter,CB,GBP
12479,Khari,Lee,TE,DET
12480,Mitchell,Henry,TE,FA
12481,Neville,Hewitt,LB,MIA
12482,Nikita,Whitlock,RB,NYG
12483,Jake,Schum,PN,GBP
12484,Caushaud,Lyons,DE,TEN
12485,Robenson,Therezie,S,NOS
12486,Dean,Marlowe,S,CAR
12487,John,Timu,LB,CHI
12488,Harold,Jones-Quartey,S,CHI
12489,Brandon,Copeland,DE,DET
12491,Nick,Marshall,CB,NYJ
12494,Nick,Dzubnar,LB,SDC
12496,Cameron,Lynch,LB,TBB
12497,Cody,Riggs,CB,TBB
12499,Gabe,Holmes,TE,OAK
12500,Houston,Bates,LB,WAS
12504,Alani,Fua,LB,ARI
12505,Adam,Humphries,WR,TBB
12506,Bryce,Callahan,CB,CHI
12512,Chandler,Worthy,WR,FA
12517,Terrance,Plummer,LB,FA
12522,Eric,Patterson,CB,FA
12523,Justin,Coleman,CB,NEP
12525,Joe,Thomas,LB,GBP
12529,Brian,Peters,LB,HOU
12530,Ryan,Delaire,DE,CAR
12532,Will,Tye,TE,NYG
12536,David,Irving,DE,DAL
12541,Donteea,Dye,WR,TBB
12542,Brandon,King,S,NEP
12544,Deshazor,Everett,S,WAS
12545,Tevin,McDonald,S,OAK
12547,Jonathan,Anderson,LB,CHI
12554,Jude,Adjei-Barimah,CB,TBB
12561,Quan,Bray,WR,IND
12563,Matt,Longacre,DE,RAM
12566,Isaiah,Johnson,S,TBB
12569,Andrew,Turzilli,WR,DET
12570,Jacoby,Glenn,CB,CHI
12571,Kevin,Smith,WR,SEA
12575,Josh,Keyes,LB,ATL
12577,Jonathan,Krause,WR,FA
12581,Dashaun,Phillips,CB,WAS
12585,Daniel,Brown,WR,CHI
12586,Darius,Jennings,WR,NYJ
12589,Troy,Hill,CB,RAM
12592,J.R.,Tavai,LB,FA
12594,Leon,Orr,DT,MIA
12596,Matt,LaCosse,TE,NYG
12597,Deji,Olatoye,S,ATL
12605,Trevor,Roach,LB,CIN
12606,Ben,McAdoo,Coach,NYG
12607,Dirk,Koetter,Coach,TBB
12608,James,Winchester,TE,KCC
12609,Gabe,Martin,LB,ARI
12610,Carson,Wentz,QB,PHI
12611,Jared,Goff,QB,RAM
12612,Paxton,Lynch,QB,DEN
12613,Connor,Cook,QB,OAK
12614,Christian,Hackenberg,QB,NYJ
12615,Cardale,Jones,QB,BUF
12616,Jacoby,Brissett,QB,NEP
12617,Cody,Kessler,QB,CLE
12618,Kevin,Hogan,QB,CLE
12619,Jake,Coker,QB,FA
12620,Dak,Prescott,QB,DAL
12621,Brandon,Allen,QB,JAC
12622,Vernon,Adams,QB,FA
12623,Jeff,Driskel,QB,CIN
12624,Blake,Frohnapfel,QB,FA
12625,Ezekiel,Elliott,RB,DAL
12626,Derrick,Henry,RB,TEN
12627,C.J.,Prosise,RB,SEA
12628,Alex,Collins,RB,SEA
12629,Devontae,Booker,RB,DEN
12630,Kenyan,Drake,RB,MIA
12631,Paul,Perkins,RB,NYG
12632,Kenneth,Dixon,RB,BAL
12633,Kelvin,Taylor,RB,SEA
12634,Jordan,Howard,RB,CHI
12635,Jonathan,Williams,RB,BUF
12636,Wendell,Smallwood,RB,PHI
12637,Peyton,Barber,RB,TBB
12638,Keenan,Reynolds,WR,FA
12639,Tyler,Ervin,RB,HOU
12640,Josh,Ferguson,RB,IND
12641,Aaron,Green,RB,RAM
12642,Kenneth,Farrow,RB,SDC
12643,Keith,Marshall,RB,WAS
12644,Tre,Madden,RB,SEA
12645,Laquon,Treadwell,WR,MIN
12646,Corey,Coleman,WR,CLE
12647,Will,Fuller,WR,HOU
12648,Josh,Doctson,WR,WAS
12649,Roger,Lewis,WR,NYG
12650,Tyler,Boyd,WR,CIN
12651,Braxton,Miller,WR,HOU
12652,Michael,Thomas,WR,NOS
12653,Jalin,Marshall,WR,NYJ
12654,Kenny,Lawler,WR,SEA
12655,Leonte,Carroo,WR,MIA
12656,Rashard,Higgins,WR,CLE
12657,Tajae,Sharpe,WR,TEN
12658,Sterling,Shepard,WR,NYG
12659,Jay,Lee,WR,FA
12660,Pharoh,Cooper,WR,RAM
12661,Bralon,Addison,WR,CHI
12662,Aaron,Burbridge,WR,SFO
12663,Jordan,Payton,WR,CLE
12664,Thomas,Duarte,TE,MIA
12665,Geronimo,Allison,WR,GBP
12666,De'Runnya,Wilson,WR,FA
12667,Duke,Williams,WR,FA
12668,Chris,Brown,WR,FA
12669,Malcolm,Mitchell,WR,NEP
12670,Demarcus,Ayers,WR,PIT
12671,Kolby,Listenbee,WR,BUF
12672,Daniel,Braverman,WR,CHI
12673,Charone,Peake,WR,NYJ
12674,Devon,Cajuste,WR,FA
12675,Mike,Thomas,WR,RAM
12676,Hunter,Henry,TE,SDC
12677,Austin,Hooper,TE,ATL
12678,Tyler,Higbee,TE,RAM
12679,Bryce,Williams,TE,FA
12680,Nick,Vannett,TE,SEA
12681,Jerell,Adams,TE,NYG
12682,Jake,McGee,TE,FA
12683,Kyle,Carter,TE,MIN
12684,Steven,Scheu,TE,DEN
12685,Joshua,Perkins,TE,ATL
12686,Joey,Bosa,DE,SDC
12687,Shaq,Lawson,LB,BUF
12688,DeForest,Buckner,DE,SFO
12689,Kevin,Dodd,LB,TEN
12690,Noah,Spence,DE,TBB
12691,Emmanuel,Ogbah,LB,CLE
12692,Shawn,Oakman,DE,FA
12693,Shilique,Calhoun,LB,OAK
12694,Jason,Fanaika,DE,FA
12695,Anthony,Zettel,DE,DET
12696,Robert,Nkemdiche,DE,ARI
12697,A'Shawn,Robinson,DT,DET
12698,Jarran,Reed,DT,SEA
12699,Andrew,Billings,DT,CIN
12700,Austin,Johnson,DT,TEN
12701,Jaylon,Smith,LB,DAL
12702,Myles,Jack,LB,JAC
12703,Reggie,Ragland,LB,BUF
12704,Scooby,Wright,LB,ARI
12705,Darron,Lee,LB,NYJ
12706,Eric,Striker,LB,FA
12707,Jordan,Jenkins,LB,NYJ
12708,Joshua,Perry,LB,SDC
12709,Dominique,Alexander,LB,CLE
12710,Kentrell,Brothers,LB,MIN
12711,Jalen,Ramsey,CB,JAC
12712,Vernon,Hargreaves,CB,TBB
12713,Mackensie,Alexander,CB,MIN
12714,Kendall,Fuller,CB,WAS
12715,Eli,Apple,CB,NYG
12716,Jalen,Mills,CB,PHI
12717,Karl,Joseph,S,OAK
12718,Vonn,Bell,S,NOS
12719,Darian,Thompson,S,NYG
12720,Jayron,Kearse,S,MIN
12721,Roberto,Aguayo,PK,TBB
12722,Adam,Gase,Coach,MIA
12723,Junior,Sylvestre,LB,FA
12724,Anthony,Dable,WR,FA
12725,Taiwan,Jones,LB,FA
12726,Keyarris,Garrett,WR,CAR
12727,Lou,Young,CB,CAR
12728,Zaire,Anderson,LB,DEN
12729,Austin,Willis,WR,FA
12730,Freddie,Bishop,LB,NYJ
12731,Eli,Rogers,WR,PIT
12732,Terron,Beckham,RB,FA
12733,Justin,March,LB,KCC
12734,Leonard,Floyd,LB,CHI
12735,Sheldon,Rankins,DT,NOS
12736,Keanu,Neal,S,ATL
12737,William,Jackson,CB,CIN
12738,Artie,Burns,CB,PIT
12739,Kenny,Clark,DE,GBP
12740,Vernon,Butler,DT,CAR
12741,Chris,Jones,DE,KCC
12742,Xavien,Howard,CB,MIA
12743,Kamalei,Correa,LB,BAL
12744,Jihad,Ward,DT,OAK
12745,Deion,Jones,LB,ATL
12746,Su'a,Cravens,LB,WAS
12747,T.J.,Green,S,IND
12748,Sean,Davis,S,PIT
12749,Cyrus,Jones,CB,NEP
12750,James,Bradberry,CB,CAR
12751,Adam,Gotsis,DE,DEN
12752,Kevin,Byard,S,TEN
12753,Carl,Nassib,DE,CLE
12754,Maliek,Collins,DT,DAL
12755,Will,Redmond,CB,SFO
12756,Yannick,Ngakoue,DE,JAC
12757,Bronson,Kaufusi,DE,BAL
12758,Jonathan,Bullard,DE,CHI
12759,KeiVarae,Russell,CB,CIN
12760,Daryl,Worley,CB,CAR
12761,Adolphus,Washington,DE,BUF
12762,Nick,Vigil,LB,CIN
12763,Kyler,Fackrell,LB,GBP
12764,Javon,Hargrave,DT,PIT
12765,Brandon,Williams,CB,ARI
12766,Vincent,Valentine,DT,NEP
12767,Justin,Simmons,S,DEN
12768,Joe,Schobert,LB,CLE
12769,Charles,Tapper,DE,DAL
12770,Tavon,Young,CB,BAL
12771,Sheldon,Day,DT,JAC
12772,Eric,Murray,S,KCC
12773,Chris,Moore,WR,BAL
12774,B.J.,Goodson,LB,NYG
12775,Ryan,Smith,S,TBB
12776,Miles,Killebrew,S,DET
12777,Ricardo,Louis,WR,CLE
12778,Nick,Kwiatkoski,LB,CHI
12779,De'Vondre,Campbell,LB,ATL
12780,Hassan,Ridgeway,DE,IND
12781,Juston,Burris,CB,NYJ
12782,David,Onyemata,DT,NOS
12783,Deon,Bush,S,CHI
12784,Antonio,Morrison,LB,IND
12785,Demarcus,Robinson,WR,KCC
12786,Deiondre',Hall,CB,CHI
12787,Derrick,Kindred,S,CLE
12788,Blake,Martinez,LB,GBP
12789,Willie,Henry,DT,BAL
12790,Rashard,Robinson,CB,SFO
12791,Dean,Lowry,DE,GBP
12792,Seth,DeValve,TE,CLE
12793,Zack,Sanchez,CB,CAR
12794,Ronald,Blair,DE,SFO
12795,Matt,Judon,LB,BAL
12796,Quinton,Jefferson,DE,SEA
12797,Matt,Ioannidis,DT,WAS
12798,K.J.,Dillon,S,HOU
12799,LeShaun,Sims,CB,TEN
12800,Trevor,Davis,WR,GBP
12801,Tyreek,Hill,WR,KCC
12802,D.J.,Reader,DT,HOU
12803,Marqui,Christian,S,RAM
12804,Antwione,Williams,LB,DET
12805,Jatavis,Brown,LB,SDC
12806,Andy,Janovich,RB,DEN
12807,Temarrick,Hemingway,TE,RAM
12808,Drew,Kaser,PN,SDC
12809,Moritz,Boehringer,WR,FA
12810,D.J.,White,CB,KCC
12811,Tyrone,Holmes,DE,CLE
12812,Devante,Bond,LB,TBB
12813,DeAndre,Houston-Carson,S,CHI
12814,Jakeem,Grant,WR,MIA
12815,Nate,Sudfeld,QB,WAS
12816,David,Morgan,TE,MIN
12817,Anthony,Brown,CB,DAL
12818,Josh,Forrest,LB,RAM
12819,Jake,Rudock,QB,DET
12820,Cory,James,LB,OAK
12821,Blake,Countess,CB,RAM
12822,Dan,Vitale,RB,CLE
12823,Derek,Watt,RB,SDC
12824,Cody,Core,WR,CIN
12825,Dadi,Nicolas,LB,KCC
12826,Jordan,Lucas,CB,MIA
12827,Harlan,Miller,CB,ARI
12828,Kamu,Grugier-Hill,LB,PHI
12829,Maurice,Canady,S,BAL
12830,Kavon,Frazier,S,DAL
12831,Elandon,Roberts,LB,NEP
12832,Darius,Jackson,RB,CLE
12833,Rico,Gathers,TE,FA
12834,Kevon,Seymour,CB,BUF
12835,Will,Parks,S,DEN
12836,Travis,Feeney,LB,NOS
12837,Aaron,Wallace,LB,TEN
12838,Brandon,Doughty,QB,MIA
12839,Devin,Lucien,WR,FA
12840,Jonathan,Woodard,DE,JAC
12841,Stephen,Weatherly,DE,MIN
12842,Riley,Dixon,PN,DEN
12843,Steven,Daniels,LB,FA
12844,Lachlan,Edwards,PN,NYJ
12845,Dwayne,Washington,RB,DET
12846,Daniel,Lasco,RB,NOS
12847,Devin,Fuller,WR,ATL
12848,Trevor,Bates,LB,IND
12849,Alex,McCalister,DE,PHI
12850,Clayton,Fejedelem,S,CIN
12851,Tyler,Matakevich,LB,PIT
12852,Zac,Brooks,RB,DEN
12853,Prince Charles,Iworah,CB,SFO
12854,Joe,Walker,LB,PHI
12855,Beau,Sandland,TE,FA
12856,Kalan,Reed,CB,TEN
12857,DeAndre,Washington,RB,OAK
12858,Marshaun,Coprich,RB,FA
12859,Stephen,Anderson,TE,HOU
12860,Ka'imi,Fairbairn,PK,FA
12861,Marquez,North,WR,FA
12862,Mitch,Mathews,WR,FA
12863,Paul,McRoberts,WR,RAM
12864,Byron,Marshall,RB,PHI
12865,Wendell,Williams,WR,HOU
12866,Jhurell,Pressley,RB,FA
12867,Brandon,Wilds,RB,NYJ
12868,Ben,Braunecker,TE,CHI
12869,Devon,Johnson,RB,FA
12870,Jeremy,Cash,LB,CAR
12871,D.J.,Foster,RB,NEP
12872,Dexter,McCoil,S,SDC
12873,Andy,Jones,WR,FA
12874,Hakeem,Valles,TE,ARI
12875,Mike,Bercovici,QB,FA
12876,Canaan,Severin,WR,PIT
12877,Jamal,Robinson,WR,FA
12878,Trevone,Boykin,QB,SEA
12879,Tyvis,Powell,S,FA
12880,Cayleb,Jones,WR,MIN
12881,Nelson,Spruce,WR,RAM
12882,Ross,Martin,PK,NYJ
12883,Darion,Griswold,TE,FA
12884,Hunter,Sharp,WR,DEN
12885,Marshall,Koehn,PK,MIN
12886,Delvon,Simmons,DT,FA
12887,Rob,Kelley,RB,WAS
12888,Justin,Zimmer,DT,NOS
12889,Kieren,Duncan,WR,FA
12890,Tevin,Jones,WR,HOU
12891,Shak,Randolph,S,WAS
12892,Akil,Blount,LB,FA
12893,Marshall,Morgan,PK,FA
12894,Henry,Krieger-Coble,TE,FA
12895,Tom,Hackett,PN,FA
12896,Rashawn,Scott,WR,MIA
12897,Brandon,Burks,RB,NYJ
12898,Ross,Travis,TE,KCC
12899,Cole,Wick,TE,DET
12900,Max,McCaffrey,WR,GBP
12901,Cedric,O'Neal,RB,BUF
12902,Darius,Latham,DT,OAK
12903,Montese,Overton,LB,FA
12904,Deion,Barnes,LB,FA
12905,Glenn,Gronkowski,RB,FA
12906,Jarrod,Wilson,S,JAC
12907,Nick,Rose,PK,SFO
12908,Mack,Brown,RB,WAS
12909,Brandon,Ross,RB,FA
12910,Erik,Harris,S,NOS
12911,Ben,Roberts,WR,FA
12912,Jalen,Richard,RB,OAK
12913,Alex,Erickson,WR,CIN
12914,Connor,Hamlett,TE,DAL
12915,Rashaun,Simonise,WR,FA
12916,Johnny,Holton,WR,OAK
12917,Maurice,Harris,WR,WAS
12918,Mose,Frazier,WR,CAR
12919,Jamel,Johnson,WR,SEA
12920,Dominique,Williams,RB,FA
12921,Tommylee,Lewis,WR,NOS
12922,Darius,Powe,WR,NYG
12923,C.J.,Ham,RB,FA
12924,James,Cowser,DE,OAK
12925,Joe,Callahan,QB,GBP
12926,Deon,King,LB,IND
12927,Paul,Turner,WR,PHI
12928,Luke,Rhodes,LB,IND
12929,Troymaine,Pope,RB,SEA
12930,Robby,Anderson,WR,NYJ
12931,De'Vante,Harris,CB,NOS
12932,Jace,Billingsley,WR,FA
12933,Dom,Williams,WR,SDC
12934,Chester,Rogers,WR,IND
12935,Myke,Tavarres,LB,FA
12936,Jordan,Williams,WR,NOS
12937,Quinshad,Davis,WR,FA
12938,Brian,Poole,CB,ATL
12939,Tevaun,Smith,WR,IND
12940,Kentrell,Brice,S,GBP
12941,Jameill,Showers,QB,DAL
12942,Chris,Swain,RB,NYJ
12943,Joel,Stave,QB,KCC
12944,Mekale,McKay,WR,CIN
12945,Kasey,Redfern,PN,FA
12946,Vontarrius,Dora,LB,DEN
12947,Bryce,Treggs,WR,PHI
12948,Romeo,Okwara,DE,NYG
12949,Tanner,McEvoy,WR,SEA
12950,Joel,Heath,DE,HOU
12951,Nicholas,Grigsby,LB,RAM
12952,Michael,Pierce,DT,BAL
12953,Anthony,Lanier,DE,WAS
12954,Braedon,Bowman,TE,NYJ
12955,Chris,Manhertz,TE,CAR
12956,Wil,Lutz,PK,NOS
12957,Ken,Crawley,CB,NOS
12958,Jared,Norris,LB,CAR
12959,Julius,Warmsley,DT,MIA
12960,Destiny,Vaeao,DT,PHI
12961,Garrison,Smith,DT,SEA
12962,Curt,Maggitt,LB,IND
12963,Adairius,Barnes,CB,DET
12964,Brennan,Scarlett,LB,HOU
12965,Marwin,Evans,S,GBP
12966,Olsen,Pierre,DT,ARI
12967,Bryson,Albright,LB,CIN
12968,Paul,Lasike,RB,CHI
12969,Tracy,Howard,CB,CLE
12970,Briean,Boddy-Calhoun,S,CLE
12971,DaVonte,Lambert,DT,TBB
12972,DeAndre,Elliott,CB,SEA
12973,Taniela,Tupou,DT,SEA
12974,Jordan,Dangerfield,S,PIT
12975,Julian,Howsare,RB,FA
12976,Antonio,Hamilton,CB,OAK
12977,Lamar,Louis,LB,BAL
12978,C.J.,Goodwin,CB,ATL
12979,DeShawn,Williams,DT,CIN
12982,Corey,Moore,S,HOU
12983,Edwin,Jackson,LB,IND
12984,Josh,Johnson,CB,JAC
12985,Cory,Littleton,LB,RAM
12986,Lawrence,Thomas,DE,NYJ
12987,Kerry,Hyder,DT,DET
12988,Jonathan,Jones,CB,NEP
12990,Matthias,Farley,S,IND
12996,Alan,Cross,TE,TBB
12997,Josh,Hawkins,CB,GBP
12998,Andrew,Adams,S,NYG
13001,Cre'von,LeBlanc,CB,CHI
13006,Channing,Ward,DE,FA
13011,Michael,Hunter,CB,NYG
13013,Woodrow,Hamilton,DT,FA
13015,Steve,Longa,LB,DET
13017,Curtis,Riley,CB,TEN
13018,Ryan,O'Malley,TE,OAK
13019,Russell,Hansbrough,RB,TBB
13020,Joe,DeCamillis,Coach,FA
13021,Don,Jackson,RB,GBP
13022,Trevor,Williams,CB,SDC
13023,Frankie,Williams,CB,IND
13026,Patrick,Onwuasor,LB,BAL
13027,Jake,Lampman,WR,NOS
13034,DeVante,Bausby,CB,CHI
13035,Manasseh,Garner,TE,BUF
13040,Ed,Eagan,WR,BUF
13041,Richard,Ash,DT,DAL
13042,Chris,Hubert,WR,ARI
13043,Chris,Landrum,LB,SDC
13044,Matt,Lengel,TE,NEP
13047,Marcus,Leak,WR,IND
13051,Michael,Palardy,PN,CAR
13052,Lafayette,Pitts,CB,MIA
13053,Joe,Kerridge,RB,GBP
13056,Matt,Wile,PN,ARI
13057,Tra,Carson,RB,CIN
13058,Marquis,Bundy,WR,ARI
13066,Kalif,Raymond,WR,DEN
13067,Alex,Ellis,TE,JAC
13069,Michael,Jordan,CB,RAM
13071,Ufomba,Kamalu,DE,HOU
13075,Chris,Milton,CB,IND
13076,Bronson,Hill,RB,JAC
13078,Trovon,Reed,CB,SDC
13082,Doug,Middleton,CB,NYJ
13083,Javien,Elliott,CB,TBB
13084,John,Fassel,Coach,RAM
13086,Mehdi,Abdesmad,DE,TEN
13096,D.J.,Tialavea,TE,ATL
13108,J.D.,McKissic,WR,SEA
13109,Derel,Walker,WR,TBB
13110,Herb,Waters,CB,GBP
13111,Sean,McVay,Coach,RAM
13112,Sean,McDermott,Coach,BUF
